,name_track,name_artist,genre,type,year
0,El Efecto - Remix,Rauw Alejandro,pop,track,2019
1,LUNA,Feid,pop,track,2023
2,Vagabundo,Sebastian Yatra,pop,track,2023
3,Algo Sencillito,Marta Santos,pop,track,2023
4,Die With A Smile,Lady Gaga,pop,track,2024
5,El Fin del Mundo,La La Love You,pop,track,2020
6,Me has invitado a bailar,Dani Fernández,pop,track,2024
7,Me has invitado a bailar,Dani Fernández,pop,track,2024
8,BIRDS OF A FEATHER,Billie Eilish,pop,track,2024
9,Soltera,Shakira,pop,track,2024
10,Beautiful Things,Benson Boone,pop,track,2024
11,Como Si Fueras a Morir Mañana,Leiva,pop,track,2019
12,El Principio de algo,La La Love You,pop,track,2023
13,Bailemos,Dani Fernández,pop,track,2019
14,"Quevedo: Bzrp Music Sessions, Vol. 52",Bizarrap,pop,track,2022
15,LA REINA,Lola Indigo,pop,track,2024
16,La Bachata,Manuel Turizo,pop,track,2022
17,Salitre,Manuel Carrasco,pop,track,2023
18,La Vida Entera,Marta Santos,pop,track,2024
19,Hey Mor,Ozuna,pop,track,2022
20,La Salvación,Arde Bogotá,pop,track,2023
21,Tiroteo - Remix,Marc Seguí,pop,track,2021
22,El Bien,Viva Suecia,pop,track,2022
23,EL TONTO,Lola Indigo,pop,track,2023
24,La Bachata,Manuel Turizo,pop,track,2023
25,Quién Diría,DePol,pop,track,2022
26,"Good Luck, Babe!",Chappell Roan,pop,track,2024
27,Mon Amour - Remix,zzoilo,pop,track,2021
28,Messy,Lola Young,pop,track,2024
29,Desesperados,Rauw Alejandro,pop,track,2021
30,Flowers,Miley Cyrus,pop,track,2023
31,La Old Skul,Rauw Alejandro,pop,track,2021
32,Feliz Cumpleaños Ferxxo,Feid,pop,track,2022
33,Me Rehúso,Danny Ocean,pop,track,2019
34,WILDFLOWER,Billie Eilish,pop,track,2024
35,Normal,Feid,pop,track,2022
36,orióN,Boza,pop,track,2024
37,Hawái,Maluma,pop,track,2020
38,Despeinada,Ozuna,pop,track,2020
39,MOJABI GHOST,Tainy,pop,track,2023
40,As It Was,Harry Styles,pop,track,2022
41,I'm Good (Blue),David Guetta,pop,track,2022
42,LOKERA,Rauw Alejandro,pop,track,2023
43,Taste,Sabrina Carpenter,pop,track,2024
44,Sailor Song,Gigi Perez,pop,track,2024
45,Blinding Lights,The Weeknd,pop,track,2020
46,No_se_ve.mp3,Emilia,pop,track,2023
47,SORRY 4 THAT MUCH,Feid,pop,track,2024
48,La_Original.mp3,Emilia,pop,track,2023
49,Todo De Ti,Rauw Alejandro,pop,track,2021
50,Beautiful Things,Benson Boone,pop,track,2024
51,Adicto (with Anuel AA & Ozuna),Tainy,pop,track,2019
52,Someone You Loved,Lewis Capaldi,pop,track,2019
53,Messy,Lola Young,pop,track,2024
54,Fuera del mercado,Danny Ocean,pop,track,2022
55,Thank You (Not So Bad),Dimitri Vegas & Like Mike,pop,track,2023
56,Inolvidable,Ovy On The Drums,pop,track,2020
57,"One Of The Girls (with JENNIE, Lily Rose Depp)",The Weeknd,pop,track,2023
58,Stargazing,Myles Smith,pop,track,2024
59,Ferxxo 100,Feid,pop,track,2022
60,Slow It Down,Benson Boone,pop,track,2024
61,Pa Ti Estoy,Ozuna,pop,track,2023
62,Feel It (From “Invincible”),d4vd,pop,track,2024
63,I Don't Wanna Wait,David Guetta,pop,track,2024
64,Houdini,Dua Lipa,pop,track,2024
65,Espresso,Sabrina Carpenter,pop,track,2024
66,greedy,Tate McRae,pop,track,2023
67,Una Vida Pasada,Camilo,pop,track,2024
68,Espresso,Sabrina Carpenter,pop,track,2024
69,In The Stars,Benson Boone,pop,track,2024
70,drivers license,Olivia Rodrigo,pop,track,2021
71,Cruel Summer,Taylor Swift,pop,track,2019
72,Desenfocao',Rauw Alejandro,pop,track,2021
73,Según Quién,Maluma,pop,track,2023
74,CHIHIRO,Billie Eilish,pop,track,2024
75,End of Beginning,Djo,pop,track,2022
76,Too Sweet,Hozier,pop,track,2024
77,vampire,Olivia Rodrigo,pop,track,2023
78,Belong Together,Mark Ambor,pop,track,2024
79,"What Was I Made For? [From The Motion Picture ""Barbie""]",Billie Eilish,pop,track,2023
80,Save Your Tears,The Weeknd,pop,track,2020
81,CORAZÓN VACÍO,Maria Becerra,pop,track,2023
82,Watermelon Sugar,Harry Styles,pop,track,2019
83,Despacito,Luis Fonsi,pop,track,2019
84,Baby Don't Hurt Me,David Guetta,pop,track,2023
85,Overdrive (feat. Norma Jean Martine),Ofenbach,pop,track,2023
86,Before You Go,Lewis Capaldi,pop,track,2019
87,Hecha Pa' Mi,Boza,pop,track,2020
88,No soy Eterno,Bizarrap,pop,track,2023
89,Who,Jimin,pop,track,2024
90,Training Season,Dua Lipa,pop,track,2024
91,Dance The Night - From Barbie The Album,Dua Lipa,pop,track,2023
92,Shivers,Ed Sheeran,pop,track,2021
93,we can't be friends (wait for your love),Ariana Grande,pop,track,2024
94,when the party's over,Billie Eilish,pop,track,2019
95,Bad Habits,Ed Sheeran,pop,track,2021
96,Desconocidos,Mau y Ricky,pop,track,2019
97,Easy On Me,Adele,pop,track,2021
98,Juno,Sabrina Carpenter,pop,track,2024
99,Brickell,Feid,pop,track,2024
100,No One Noticed,The Marías,pop,track,2024
101,Belong Together,Mark Ambor,pop,track,2024
102,Please Please Please,Sabrina Carpenter,pop,track,2024
103,deja vu,Olivia Rodrigo,pop,track,2021
104,I WANNA BE YOUR SLAVE,Måneskin,pop,track,2021
105,Circles,Post Malone,pop,track,2019
106,LUNCH,Billie Eilish,pop,track,2024
107,Car's Outside,James Arthur,pop,track,2019
108,Pretty Slowly,Benson Boone,pop,track,2024
109,good 4 u,Olivia Rodrigo,pop,track,2021
110,Heat Waves,Glass Animals,pop,track,2020
111,Whatever,Kygo,pop,track,2024
112,Addicted,Zerb,pop,track,2024
113,Bed Chem,Sabrina Carpenter,pop,track,2024
114,i love you,Billie Eilish,pop,track,2019
115,everything i wanted,Billie Eilish,pop,track,2019
116,I Ain't Worried,OneRepublic,pop,track,2022
117,Please Please Please,Sabrina Carpenter,pop,track,2024
118,My Way,Calvin Harris,pop,track,2024
119,NIGHTS LIKE THESE,Benson Boone,pop,track,2022
120,TV,Billie Eilish,pop,track,2022
121,Carry You Home,Alex Warren,pop,track,2024
122,Volare,Danny Ocean,pop,track,2022
123,Prada,cassö,pop,track,2023
124,Feather,Sabrina Carpenter,pop,track,2023
125,you broke me first,Tate McRae,pop,track,2021
126,Cinnamon Girl,Lana Del Rey,pop,track,2019
127,bad guy,Billie Eilish,pop,track,2019
128,Heather,Conan Gray,pop,track,2020
129,Happier Than Ever,Billie Eilish,pop,track,2021
130,Exclusive.mp3,Emilia,pop,track,2023
131,Fortnight (feat. Post Malone),Taylor Swift,pop,track,2024
132,Calm Down (with Selena Gomez),Rema,pop,track,2022
133,Nonsense,Sabrina Carpenter,pop,track,2022
134,Say Yes To Heaven,Lana Del Rey,pop,track,2023
135,happier,Olivia Rodrigo,pop,track,2021
136,Never Going Home Tonight (feat. Madison Love),David Guetta,pop,track,2024
137,cardigan,Taylor Swift,pop,track,2020
138,Pink Pony Club,Chappell Roan,pop,track,2023
139,Ghost Town,Benson Boone,pop,track,2024
140,Lover,Taylor Swift,pop,track,2019
141,Moth To A Flame (with The Weeknd),Swedish House Mafia,pop,track,2022
142,Where's My Love,SYML,pop,track,2019
143,Stick Season,Noah Kahan,pop,track,2022
144,7 rings,Ariana Grande,pop,track,2019
145,Levitating (feat. DaBaby),Dua Lipa,pop,track,2020
146,Pink Pony Club,Chappell Roan,pop,track,2023
147,Ma Meilleure Ennemie (from the series Arcane League of Legends),Arcane,pop,track,2024
148,L’AMOUR DE MA VIE,Billie Eilish,pop,track,2024
149,Illusion,Dua Lipa,pop,track,2024
150,Kiss Me More (feat. SZA),Doja Cat,pop,track,2021
151,Dancing In The Flames,The Weeknd,pop,track,2024
152,august,Taylor Swift,pop,track,2020
153,Cry,Cigarettes After Sex,pop,track,2019
154,Shameless,Camila Cabello,pop,track,2019
155,The Cut That Always Bleeds,Conan Gray,pop,track,2020
156,A Bar Song (Tipsy),Shaboozey,pop,track,2024
157,Cynical,twocolors,pop,track,2024
158,Friday (feat. Mufasa & Hypeman) - Dopamine Re-Edit,Riton,pop,track,2021
159,Sunroof,Nicky Youre,pop,track,2023
160,THE GREATEST,Billie Eilish,pop,track,2024
161,Guess featuring billie eilish,Charli xcx,pop,track,2024
162,"jealousy, jealousy",Olivia Rodrigo,pop,track,2021
163,Woman,Doja Cat,pop,track,2021
164,Standing Next to You,Jung Kook,pop,track,2023
165,Where Are You Now,Lost Frequencies,pop,track,2021
166,Seven (feat. Latto) (Explicit Ver.),Jung Kook,pop,track,2023
167,Somedays,Sonny Fodera,pop,track,2024
168,Leave Before You Love Me (with Jonas Brothers),Marshmello,pop,track,2021
169,telepatía,Kali Uchis,pop,track,2020
170,Who,Jimin,pop,track,2024
171,Romantic Homicide,d4vd,pop,track,2022
172,BLUE,Billie Eilish,pop,track,2024
173,Angels Like You,Miley Cyrus,pop,track,2020
174,Ferrari,James Hype,pop,track,2022
175,Who,Jimin,pop,track,2024
176,Who,Jimin,pop,track,2024
177,Chk Chk Boom,Stray Kids,pop,track,2024
178,Rush,Troye Sivan,pop,track,2023
179,Teeth,5 Seconds of Summer,pop,track,2020
180,Shut up My Moms Calling,Hotel Ugly,pop,track,2020
181,exes,Tate McRae,pop,track,2023
182,Streets,Doja Cat,pop,track,2019
183,Ghost,Justin Bieber,pop,track,2021
184,Lose You To Love Me,Selena Gomez,pop,track,2020
185,Belly Dancer,Imanbek,pop,track,2022
186,La bandite,Jul,pop,track,2019
187,Don't Give Up On Me,Andy Grammer,pop,track,2019
188,CUAL ES ESA,Feid,pop,track,2023
189,Here With Me,d4vd,pop,track,2023
190,Apple,Charli xcx,pop,track,2024
191,LET'S GET FKD UP,Alok,pop,track,2023
192,Heaven Takes You Home (feat. Connie Constance),Swedish House Mafia,pop,track,2022
193,Von dutch,Charli xcx,pop,track,2024
194,AGORA,Maria Becerra,pop,track,2024
195,Diet Pepsi,Addison Rae,pop,track,2024
196,Mockingbird,Tiësto,pop,track,2024
197,Without Me,Halsey,pop,track,2020
198,After Hours,The Weeknd,pop,track,2020
199,Get Busy - Odd Mob Club Mix,Sean Paul,pop,track,2024
200,Cry,Benson Boone,pop,track,2024
201,I Had Some Help (Feat. Morgan Wallen),Post Malone,pop,track,2024
202,Be Alright,Dean Lewis,pop,track,2019
203,Taste,Sabrina Carpenter,pop,track,2024
204,Popular (with Playboi Carti & Madonna) - From The Idol Vol. 1 (Music from the HBO Original Series),The Weeknd,pop,track,2023
205,Loco Contigo (feat. J. Balvin & Tyga),DJ Snake,pop,track,2019
206,Mwaki,Zerb,pop,track,2023
207,I Had Some Help (Feat. Morgan Wallen),Post Malone,pop,track,2024
208,Red Wine Supernova,Chappell Roan,pop,track,2023
209,Good Graces,Sabrina Carpenter,pop,track,2024
210,Margaret (feat. Bleachers),Lana Del Rey,pop,track,2023
211,How Deep Is Your Love,Calvin Harris,pop,track,2024
212,Chemtrails Over The Country Club,Lana Del Rey,pop,track,2021
213,Is There Someone Else?,The Weeknd,pop,track,2022
214,Snooze,SZA,pop,track,2022
215,Mwaki,Zerb,pop,track,2023
216,Amor de Vago,La T y La M,pop,track,2024
217,The Color Violet,Tory Lanez,pop,track,2021
218,No Wahala,1da Banton,pop,track,2021
219,party 4 u,Charli xcx,pop,track,2020
220,GIRL LIKE ME,Black Eyed Peas,pop,track,2020
221,Casual,Chappell Roan,pop,track,2023
222,Real Man,beabadoobee,pop,track,2024
223,HOT TO GO!,Chappell Roan,pop,track,2023
224,Something About You,Eyedress,pop,track,2021
225,Lady Killers II,G-Eazy,pop,track,2024
226,B2b,Charli xcx,pop,track,2024
227,The Thrill,Wiz Khalifa,pop,track,2020
228,World Gone Wild (feat. Sam Martin),Robin Schulz,pop,track,2024
229,Moonlight,Kali Uchis,pop,track,2023
230,Heavy,The Marías,pop,track,2021
231,Magnetic,ILLIT,pop,track,2024
232,Good Looking,Suki Waterhouse,pop,track,2022
233,Too Sweet,Hozier,pop,track,2024
234,THE DINER,Billie Eilish,pop,track,2024
235,365,Charli xcx,pop,track,2024
236,WE PRAY,Coldplay,pop,track,2024
237,Touch,KATSEYE,pop,track,2024
238,MAGIE,Maes,pop,track,2024
239,the perfect pair,beabadoobee,pop,track,2022
240,JCVD,Jul,pop,track,2019
241,CRAZY,LE SSERAFIM,pop,track,2024
242,Miles On It,Marshmello,pop,track,2024
243,HOT TO GO!,Chappell Roan,pop,track,2023
244,WE PRAY - Single Version,Coldplay,pop,track,2024
245,Escapism.,RAYE,pop,track,2023
246,Strangers,Kenya Grace,pop,track,2023
247,A Bar Song (Tipsy),Shaboozey,pop,track,2024
248,LABOUR - the cacophony,Paris Paloma,pop,track,2024
249,Jimmy Cooks (feat. 21 Savage),Drake,pop,track,2022
250,Stuck with U (with Justin Bieber),Ariana Grande,pop,track,2020
251,Pain,PinkPantheress,pop,track,2021
252,Doin' Time,Lana Del Rey,pop,track,2019
253,Sous la lune,Jul,pop,track,2019
254,Casanova,Soolking,pop,track,2023
255,Burning Down,Alex Warren,pop,track,2024
256,Call It Love,Felix Jaehn,pop,track,2022
257,Mónaco,LAGOS,pop,track,2021
258,Pobre Corazón - En Vivo,Ke Personajes,pop,track,2023
259,IMAN (Two Of Us),Maria Becerra,pop,track,2024
260,Formula,Labrinth,pop,track,2019
261,Jealous,Eyedress,pop,track,2019
262,Bolide allemand,SDM,pop,track,2022
263,Seven (feat. Latto),Jung Kook,pop,track,2023
264,Honeypie,JAWNY,pop,track,2020
265,Open Arms (feat. Travis Scott),SZA,pop,track,2022
266,Heavenly,Cigarettes After Sex,pop,track,2019
267,Yebba’s Heartbreak,Drake,pop,track,2021
268,Chicago Freestyle (feat. Giveon),Drake,pop,track,2020
269,You’re Gonna Go Far,Noah Kahan,pop,track,2023
270,intro (end of the world),Ariana Grande,pop,track,2024
271,Juna,Clairo,pop,track,2024
272,Ocean Drive,Duke Dumont,pop,track,2020
273,Sienna,The Marías,pop,track,2024
274,Bite Me,ENHYPEN,pop,track,2023
275,NDA,Billie Eilish,pop,track,2021
276,Carry You Home,Alex Warren,pop,track,2024
277,Oh qu'elle est belle,Jul,pop,track,2024
278,WE PRAY,Coldplay,pop,track,2024
279,Seven (feat. Latto) (Clean Ver.),Jung Kook,pop,track,2023
280,Standing Next to You,Jung Kook,pop,track,2023
281,Lovin On Me,Jack Harlow,pop,track,2023
282,Shut up My Moms Calling (Sped up),Hotel Ugly,pop,track,2022
283,Roi,Videoclub,pop,track,2021
284,Yes or No,Jung Kook,pop,track,2023
285,Glue Song,beabadoobee,pop,track,2023
286,Good Days,SZA,pop,track,2022
287,No Face,Drake,pop,track,2024
288,Criminals,Meghan Trainor,pop,track,2024
289,Still With You,Jung Kook,pop,track,2020
290,Mrs Magic,Strawberry Guy,pop,track,2019
291,Like Crazy,Jimin,pop,track,2023
292,Si No Te Tengo / Ángel / Aquello Que Pasó,Ke Personajes,pop,track,2021
293,3D (feat. Jack Harlow),Jung Kook,pop,track,2023
294,Be Mine,Jimin,pop,track,2024
295,SHEESH,BABYMONSTER,pop,track,2024
296,Drama,aespa,pop,track,2023
297,Dial Drunk (with Post Malone),Noah Kahan,pop,track,2023
298,New Jeans,NewJeans,pop,track,2023
299,forwards beckon rebound,Adrianne Lenker,pop,track,2020
300,forwards beckon rebound,Adrianne Lenker,pop,track,2020
301,アイドル,YOASOBI,pop,track,2023
302,Super Shy,NewJeans,pop,track,2023
303,anything,Adrianne Lenker,pop,track,2020
304,SPOT!,ZICO,pop,track,2024
305,Chemin d'or,Werenoi,pop,track,2023
306,Guy For That (Feat. Luke Combs),Post Malone,pop,track,2024
307,GOOD FEELiNGS,Coldplay,pop,track,2024
308,SPIDER,GIMS,pop,track,2024
309,Smart,LE SSERAFIM,pop,track,2024
310,Giving Me,Jazzy,pop,track,2023
311,Not You Too (feat. Chris Brown),Drake,pop,track,2020
312,The Astronaut,Jin,pop,track,2022
313,Perfect Night,LE SSERAFIM,pop,track,2023
314,Otro Día Más,Ke Personajes,pop,track,2021
315,EASY,LE SSERAFIM,pop,track,2024
316,3D (feat. Jack Harlow),Jung Kook,pop,track,2023
317,Shinunoga E-Wa,Fujii Kaze,pop,track,2020
318,Slow Dance (feat. Sofia Carson),Jimin,pop,track,2024
319,OMG,NewJeans,pop,track,2023
320,Ditto,NewJeans,pop,track,2022
321,Panama,Kaaris,pop,track,2023
322,Italia,Jul,pop,track,2020
323,ROZE | DJ TAO Turreo Sessions #22,DJ Tao,pop,track,2023
324,Dance The Night,Dua Lipa,pop,track,2023
325,Romantic Lover,Eyedress,pop,track,2020
326,Hype Boy,NewJeans,pop,track,2022
327,How Sweet,NewJeans,pop,track,2024
328,ETA,NewJeans,pop,track,2023
329,All My Love,Noah Kahan,pop,track,2022
330,Asking,Sonny Fodera,pop,track,2023
331,3D (feat. Jack Harlow),Jung Kook,pop,track,2023
332,No Se Va,La T y La M,pop,track,2023
333,Un Besito Más,Salastkbron,pop,track,2024
334,UWAIE - versión cumbia,Max Carra,pop,track,2024
335,Sticky,KISS OF LIFE,pop,track,2024
336,ITALODISCO,The Kolors,pop,track,2023
337,Faut pas,PLK,pop,track,2024
338,Attention,NewJeans,pop,track,2022
339,Smeraldo Garden Marching Band (feat. Loco),Jimin,pop,track,2024
340,Rebirth (Intro),Jimin,pop,track,2024
341,Be Mine (English Version),Jimin,pop,track,2024
342,Closer Than This,Jimin,pop,track,2024
343,bellissimissima <3,Alfa,pop,track,2023
344,Me & U,Tems,pop,track,2024
345,I AM,IVE,pop,track,2023
346,KANTE (feat. Fave),Davido,pop,track,2023
347,El Doctorado,La T y La M,pop,track,2023
348,Spring Into Summer,Lizzy McAlpine,pop,track,2024
349,Supernatural,NewJeans,pop,track,2024
350,La vie qu'on mène,Ninho,pop,track,2019
351,La Ruta,Haquil,pop,track,2023
352,Linda - Remix,Marka Akme,pop,track,2023
353,CORDILLÈRE,Maes,pop,track,2024
354,LIKE THAT,BABYMONSTER,pop,track,2024
355,Deux frères,PNL,pop,track,2019
356,"Dreams, Fairytales, Fantasies (feat. Brent Faiyaz & Salaam Remi)",A$AP Ferg,pop,track,2019
357,Lonely Road (with Jelly Roll),mgk,pop,track,2024
358,Камин (feat. JONY),EMIN,pop,track,2020
359,Kingston,Faye Webster,pop,track,2019
360,Un Montón de Estrellas - En Vivo Gran Rex,La T y La M,pop,track,2023
361,Seven (feat. Latto),Jung Kook,pop,track,2023
362,Lucky Girl Syndrome,ILLIT,pop,track,2024
363,Interlude : Showtime,Jimin,pop,track,2024
364,Le temps,Tayc,pop,track,2021
365,seasons,wave to earth,pop,track,2020
366,CARTIER SANTOS,SDM,pop,track,2024
367,SOIS PAS TIMIDE,GIMS,pop,track,2024
368,Balader,Soolking,pop,track,2022
369,インフェルノ,Mrs. GREEN APPLE,pop,track,2019
370,Per due come noi,Olly,pop,track,2024
371,love.,wave to earth,pop,track,2023
372,Conmigo Te Gustó,Pinky SD,pop,track,2024
373,Scarabocchi,Olly,pop,track,2024
374,Position,Franglish,pop,track,2024
375,Teresa & Maria,alyona alyona,pop,track,2024
376,il filo rosso,Alfa,pop,track,2024
377,Dybala,Maes,pop,track,2020
378,Attentat,PLK,pop,track,2021
379,Laboratoire,Werenoi,pop,track,2023
380,晴る,ヨルシカ,pop,track,2024
381,Lonely At The Top,Asake,pop,track,2023
382,Be Mine,Jimin,pop,track,2024
383,Still Sleepless,D.O.D,pop,track,2021
384,Feel Good,Charlotte Cardin,pop,track,2023
385,Worst Way,Riley Green,pop,track,2024
386,"Earth, Wind & Fire",BOYNEXTDOOR,pop,track,2024
387,Mil Preguntas,The La Planta,pop,track,2024
388,drunk text,Henry Moodie,pop,track,2024
389,Hola Perdida,El Blachy,pop,track,2024
390,I love you,Dadju,pop,track,2024
391,Pétunias,Werenoi,pop,track,2024
392,Kiss Me,Dermot Kennedy,pop,track,2023
393,MMS,Asake,pop,track,2024
394,Quei ricordi là,Olly,pop,track,2024
395,Devastante,Olly,pop,track,2024
396,In My Bones,Lost Frequencies,pop,track,2024
397,Be Mine,Jimin,pop,track,2024
398,Calcolatrici,Sfera Ebbasta,pop,track,2023
399,Elle est bonne sa mère,Vegedream,pop,track,2019
400,Tu connais,Werenoi,pop,track,2023
401,J'fais plaisir à la zone,Jul,pop,track,2023
402,Напоследок,Вектор А,pop,track,2022
403,bad,wave to earth,pop,track,2023
404,double take,Dhruv,pop,track,2022
405,UNDEAD,YOASOBI,pop,track,2024
406,Bubble Gum,NewJeans,pop,track,2024
407,Wind Up Missin’ You,Tucker Wetmore,pop,track,2024
408,Destri,Gazzelle,pop,track,2021
409,50G,UZI,pop,track,2024
410,DEVIL YOU KNOW,Tyler Braden,pop,track,2024
411,Nice Guy,BOYNEXTDOOR,pop,track,2024
412,MAMI WATA,Gazo,pop,track,2023
413,Putana,Ninho,pop,track,2019
414,HO VOGLIA DI TE,Juli,pop,track,2024
415,Menomale che c'è il mare,Olly,pop,track,2023
416,I Never Lie,Zach Top,pop,track,2024
417,Cin Cin,Alfa,pop,track,2019
418,Amore Disperato,Achille Lauro,pop,track,2024
419,Despójate Vol.2,Hernan y La Champion's Liga,pop,track,2024
420,Terminator,Asake,pop,track,2022
421,Rock and A Hard Place,Bailey Zimmerman,pop,track,2023
422,POUR ELLE,SDM,pop,track,2024
423,We Ride,Bryan Martin,pop,track,2023
424,Pământul,The Urs,pop,track,2024
425,Bitume,L2B,pop,track,2022
426,La tua canzone,Coez,pop,track,2019
427,DIE,Gazo,pop,track,2022
428,Te Amo,Calema,pop,track,2020
429,カーテンコール,Yuuri,pop,track,2024
430,Maman ne le sait pas (feat. Niska),Ninho,pop,track,2019
431,Monaco,Guy2Bezbar,pop,track,2024
432,Hasta la vista,PNL,pop,track,2019
433,Capu' sus,Oana Radu,pop,track,2024
434,Не вернусь,Вектор А,pop,track,2024
435,La misère est si belle,PNL,pop,track,2019
436,Nouvelles,PLK,pop,track,2023
437,Una Noche,El Blachy,pop,track,2023
438,TT LE GIRLZ (feat. Niky Savage),ANNA,pop,track,2024
439,Taramul interzis,The Urs,pop,track,2023
440,Mon bébé d'amour,Jul,pop,track,2019
441,群青,YOASOBI,pop,track,2021
442,Confidences,Vacra,pop,track,2024
443,Eté 90,Therapie TAXI,pop,track,2021
444,きらり,Fujii Kaze,pop,track,2022
445,FLASHBACK,Favé,pop,track,2023
446,TDB,OBOY,pop,track,2021
447,Maudit,Werenoi,pop,track,2024
448,Best life,Naps,pop,track,2021
449,La Piel Bien Caliente,Pinky SD,pop,track,2024
450,GARS DU ZOO,UZI,pop,track,2024
451,Vanillée,Houari,pop,track,2024
452,Mauvaise,Werenoi,pop,track,2023
453,Pechos Calientes,Pinky SD,pop,track,2024
454,Suflet de bagabont,Andrei Banuta,pop,track,2024
455,A Ti,Pinky SD,pop,track,2024
456,Fi Kan We Kan,BNXN,pop,track,2024
457,Religiously,Bailey Zimmerman,pop,track,2023
458,Jhol,Maanu,pop,track,2024
459,MANON B,Tiakola,pop,track,2024
460,Am I Okay?,Megan Moroney,pop,track,2024
461,Per due come noi,Olly,pop,track,2024
462,Pastello Bianco,Pinguini Tattici Nucleari,pop,track,2020
463,Who (Rock Remix),Jimin,pop,track,2024
464,Location,Werenoi,pop,track,2024
465,Far Away (feat. A$AP Rocky),Yebba,pop,track,2021
466,No Va a Venir,Pinky SD,pop,track,2024
467,Je pense à vous,Linh,pop,track,2024
468,Mojada Por Dentro,Pinky SD,pop,track,2024
469,Multo,Cup of Joe,pop,track,2024
470,Te Vas a Arrepentir,Pinky SD,pop,track,2024
471,Sobrio - En Vivo,El Blachy,pop,track,2022
472,Încă Ne Iubim,MIRA,pop,track,2024
473,Las-o așa,IRAIDA,pop,track,2024
474,Compliqué,Dadju,pop,track,2020
475,10.03.2023,Werenoi,pop,track,2023
476,All eyes on me,Werenoi,pop,track,2022
477,Să Fii Tu,MIRA,pop,track,2024
478,Jefe,Ninho,pop,track,2021
479,COME UN TUONO (feat. Guè),Rose Villain,pop,track,2024
480,Supersonic,fromis_9,pop,track,2024
481,Boucan (feat. Franglish),KeBlack,pop,track,2024
482,Ridere,Pinguini Tattici Nucleari,pop,track,2020
483,Hass Hass,Diljit Dosanjh,pop,track,2023
484,права,ooes,pop,track,2021
485,だから僕は音楽を辞めた,ヨルシカ,pop,track,2019
486,Apaga Apaga Apaga - Ao Vivo,Danilo e Davi,pop,track,2024
487,Fréquenter,Jul,pop,track,2019
488,Capri Sun,Capo Plaza,pop,track,2022
489,plot twist,TWS,pop,track,2024
490,Bianca,Olly,pop,track,2023
491,Blanche,Maes,pop,track,2020
492,Mr. Ocho,SDM,pop,track,2022
493,15 Piani,Sfera Ebbasta,pop,track,2023
494,A Nossa Dança,Calema,pop,track,2023
495,"Ador, Ador",AMI,pop,track,2024
496,Avec Toi,OBOY,pop,track,2019
497,EPISODIO D'AMORE,Geolier,pop,track,2024
498,Jaloux,Dadju,pop,track,2019
499,HAINE&SEX,Gazo,pop,track,2021
500,15 Piani,Sfera Ebbasta,pop,track,2023
501,A Nossa Dança,Calema,pop,track,2023
502,No Aguanto Más,The La Planta,pop,track,2021
503,"Ador, Ador",AMI,pop,track,2024
504,Avec Toi,OBOY,pop,track,2019
505,EPISODIO D'AMORE,Geolier,pop,track,2024
506,Jaloux,Dadju,pop,track,2019
507,HAINE&SEX,Gazo,pop,track,2021
508,Tennessee Orange,Megan Moroney,pop,track,2023
509,High Road (feat. Jessie Murph),Koe Wetzel,pop,track,2024
510,Who (Acoustic Remix),Jimin,pop,track,2024
511,M' Manc (con Geolier & Sfera Ebbasta),Shablo,pop,track,2020
512,"24/7, 365",elijah woods,pop,track,2023
513,"I P’ ME, TU P’ TE",Geolier,pop,track,2024
514,Need A Favor,Jelly Roll,pop,track,2023
515,CARTIER,Gazo,pop,track,2023
516,Mode Avion,Favé,pop,track,2022
517,Anche Stasera,Sfera Ebbasta,pop,track,2023
518,Sagrado Profano,Luísa Sonza,pop,track,2024
519,Recommence-moi,SANTA,pop,track,2024
520,Dolce Camara,Booba,pop,track,2024
521,Ciao,Werenoi,pop,track,2023
522,ライラック,Mrs. GREEN APPLE,pop,track,2024
523,Popcorn Salé,SANTA,pop,track,2024
524,Pyramide,Werenoi,pop,track,2024
525,Remember,Asake,pop,track,2023
526,Torcida,Bresh,pop,track,2024
527,Aventura - En Vivo,Q' Lokura,pop,track,2024
528,Guasto D'Amore,Bresh,pop,track,2023
529,Dans un verre,Werenoi,pop,track,2024
530,Snake,Cheema Y,pop,track,2024
531,WOTOWOTO SEASONING (feat. Black Sherif),ODUMODUBLVCK,pop,track,2023
532,Pentru ca,Andia,pop,track,2023
533,A squarciagola,Olly,pop,track,2024
534,California Love,Cheema Y,pop,track,2023
535,Ora che non ho più te,Cesare Cremonini,pop,track,2024
536,Interstelar,Alexia,pop,track,2023
537,Сладко,SEREBRO,pop,track,2024
538,瞬,郑润泽,pop,track,2023
539,Por qué te vas,Agrupación EUPHORIA,pop,track,2023
540,Ça mène à rien,PLK,pop,track,2024
541,TRUCK BED,HARDY,pop,track,2023
542,Cabeza,OBOY,pop,track,2020
543,TI TI TI,Gradur,pop,track,2024
544,Amar Pela Metade,Calema,pop,track,2024
545,Есенин,NAVAI,pop,track,2024
546,Nosso Primeiro Beijo - Ao Vivo,Gloria Groove,pop,track,2024
547,Lemon,Kenshi Yonezu,pop,track,2020
548,Paharul sus,Nicole Cherry,pop,track,2023
549,Se Piovesse Il Tuo Nome - con Calcutta,Elisa,pop,track,2019
550,Nous deux,SDM,pop,track,2022
551,Soldi Arrotolati (feat. ANNA),Capo Plaza,pop,track,2024
552,I LOVE IT (feat. Artie 5ive),ANNA,pop,track,2024
553,METALLICA,SDM,pop,track,2024
554,Meuda,Tiakola,pop,track,2022
555,Где ты теперь и с кем,Basta,pop,track,2023
556,IO T’O GIUR’ (feat. Sfera Ebbasta),Geolier,pop,track,2024
557,Arruma Um Bão,Israel & Rodolffo,pop,track,2024
558,Vou Ter Que Superar - Ao Vivo,Matheus & Kauan,pop,track,2019
559,Coco,Ninho,pop,track,2024
560,Beatrice (feat. Annalisa),Tedua,pop,track,2024
561,Come Inside Of My Heart,IV Of Spades,pop,track,2019
562,オレンジ,SPYAIR,pop,track,2024
563,Mezzo Rotto (feat. BigMama),Alessandra Amoroso,pop,track,2024
564,Voy a Morir Dentro Tuyo,Pinky SD,pop,track,2024
565,PONA NINI,Tiakola,pop,track,2024
566,"Наверно, ты меня не помнишь",JONY,pop,track,2022
567,последнее лето,ooes,pop,track,2021
568,I cantieri del Giappone,Olly,pop,track,2024
569,Softly,Karan Aujla,pop,track,2023
570,16 Marzo (feat. Gow Tribe),Achille Lauro,pop,track,2020
571,Lisboa,ANAVITÓRIA,pop,track,2021
572,Colegi de apartament,Vescan,pop,track,2023
573,POE,Ruger,pop,track,2024
574,Isa lang,Arthur Nery,pop,track,2021
575,MANON B,Tiakola,pop,track,2024
576,TOKA,SDM,pop,track,2024
577,Jamal,Werenoi,pop,track,2022
578,"Guli Guli - From ""Buzz House"" The Movie",rares,pop,track,2024
579,"La tine și la bani - From ""Romina VTM"" The Movie",rares,pop,track,2022
580,La gata bajo la lluvia,Agrupación EUPHORIA,pop,track,2023
581,Goutte d'eau,Ninho,pop,track,2019
582,你的答案,阿冗,pop,track,2019
583,Who (Shibuyakei Remix),Jimin,pop,track,2024
584,EL PIBE DE ORO,Geolier,pop,track,2024
585,Entregador de Flor - Ao Vivo em Brasília,Diego & Victor Hugo,pop,track,2019
586,Winning Speech,Karan Aujla,pop,track,2024
587,Tingin,Cup of Joe,pop,track,2023
588,Ibiza,Jul,pop,track,2019
589,Urus,Favé,pop,track,2022
590,Jo Tum Mere Ho,Anuv Jain,pop,track,2024
591,Just the Way You Are,Bruno Mars,pop,track,2019
592,Fix What You Didn't Break,Nate Smith,pop,track,2024
593,Drowning,WOODZ,pop,track,2023
594,Jusqu'à minuit (feat. JuL),Ninho,pop,track,2019
595,Saveiro,Kaique e Felipe,pop,track,2024
596,FLEURS (feat. Tiakola),Gazo,pop,track,2022
597,Il pleut à Paris,PLK,pop,track,2024
598,爱怎么了,陈村长,pop,track,2022
599,Niente Panico,Ghali,pop,track,2024
600,Tu le sais,Kalash,pop,track,2022
601,По барам,ANNA ASTI,pop,track,2022
602,Émotif (Booska 1H),PLK,pop,track,2019
603,Murder,Hamza,pop,track,2023
604,Quarta Cadeira - Ao Vivo,Matheus & Kauan,pop,track,2019
605,East Side Flow,Sidhu Moose Wala,pop,track,2019
606,Born to Shine,Diljit Dosanjh,pop,track,2020
607,Sei Tocar Violão - Ao Vivo,Clayton & Romário,pop,track,2024
608,Ototo,Asake,pop,track,2022
609,Como Antes,Matias Damásio,pop,track,2022
610,TONIGHT,ANNA,pop,track,2024
611,アポリア,ヨルシカ,pop,track,2024
612,Misteryoso,Cup of Joe,pop,track,2024
613,Нагадай,Domiy,pop,track,2023
614,"Naina (From ""Crew"")",Diljit Dosanjh,pop,track,2024
615,Селфхарм,Monetochka,pop,track,2024
616,Soldi in Nero - feat. Sfera Ebbasta,Shiva,pop,track,2019
617,嚣张,en,pop,track,2019
618,PLAISIR NOCIF,Tiakola,pop,track,2024
619,交換餘生,JJ Lin,pop,track,2020
620,52 Bars,Karan Aujla,pop,track,2023
621,BLOOD ON THE DANCE FLOOR (feat. Bloody Civilian and Wale),ODUMODUBLVCK,pop,track,2023
622,X CASO (feat. Sfera Ebbasta),Geolier,pop,track,2023
623,Amour censure,Hoshi,pop,track,2020
624,Romantico Ma Muori,Pinguini Tattici Nucleari,pop,track,2024
625,Same Beef,Bohemia,pop,track,2019
626,Wunder,AYLIVA,pop,track,2024
627,Stronger,Young Jonn,pop,track,2024
628,Complicat,Karmen,pop,track,2024
629,J’crois qu’ils ont pas compris,Leto,pop,track,2024
630,White Brown Black,Avvy Sra,pop,track,2022
631,我会等,承桓,pop,track,2023
632,Nzaza,Asake,pop,track,2022
633,CRUDELIA - I nervi,Marracash,pop,track,2019
634,青と夏,Mrs. GREEN APPLE,pop,track,2019
635,Kinni Kinni,Diljit Dosanjh,pop,track,2023
636,字字句句,卢卢快闭嘴,pop,track,2022
637,Рана,CHEEV,pop,track,2024
638,Fantasmi (feat. Geolier),Rose Villain,pop,track,2023
639,Забий,Wellboy,pop,track,2024
640,Sottovuoto,Capo Plaza,pop,track,2024
641,Gasolina (feat. Rsko),Tiakola,pop,track,2022
642,Komet,Udo Lindenberg,pop,track,2023
643,新宝島,sakanaction,pop,track,2019
644,M3lo,Tiakola,pop,track,2022
645,IL MALE CHE MI FAI (feat. Marracash),Geolier,pop,track,2023
646,Still Life,BIGBANG,pop,track,2022
647,Never Fold,Sidhu Moose Wala,pop,track,2022
648,Me Leva Pra Casa / Escrito Nas Estrelas / Saudade - Ao Vivo,Lauana Prado,pop,track,2023
649,Комета,JONY,pop,track,2019
650,"Tati, vreau",Alex Velea,pop,track,2022
651,Lalkara,Diljit Dosanjh,pop,track,2023
652,1h55,Tiakola,pop,track,2024
653,Excuses,AP Dhillon,pop,track,2020
654,Контракт,Poshlaya Molly,pop,track,2021
655,barcelona92,Green Montana,pop,track,2024
656,Foste Embora,Nininho Vaz Maia,pop,track,2023
657,Gotham (feat. Kid Yugi),Shiva,pop,track,2024
658,Deixa o Clima Rolar,Badoxa,pop,track,2024
659,Problèmes,PLK,pop,track,2019
660,Croire,Djadja & Dinaz,pop,track,2019
661,Vai Lá - Ao Vivo em Goiânia,Maiara & Maraisa,pop,track,2024
662,G.O.A.T.,Diljit Dosanjh,pop,track,2020
663,Август - это ты,МОТ,pop,track,2021
664,Я тобі брехала,Klavdia Petrivna,pop,track,2024
665,或许,LBI利比,pop,track,2022
666,Bad Luck,Zach Top,pop,track,2024
667,Lemonade,Diljit Dosanjh,pop,track,2022
668,Umaasa,Calein,pop,track,2019
669,Admirin' You (feat. Preston Pablo),Karan Aujla,pop,track,2023
670,Saga,Booba,pop,track,2024
671,Jack Fuego,SDM,pop,track,2019
672,Maool,Fadel Chaker,pop,track,2020
673,Банкомат,DEAD BLONDE,pop,track,2022
674,Знайди мене,Klavdia Petrivna,pop,track,2023
675,Dil Nu,AP Dhillon,pop,track,2022
676,ANTIDOTE,Karan Aujla,pop,track,2024
677,Monica,Naps,pop,track,2020
678,La Foto,Luis Vega,pop,track,2024
679,Ночью на кухне,ANNA ASTI,pop,track,2023
680,اختياراتي - من فيلم مستر إكس,Ahmed Saad,pop,track,2023
681,BRAVI A CADERE - I polmoni,Marracash,pop,track,2019
682,Bulong,December Avenue,pop,track,2019
683,Pagsamo,Arthur Nery,pop,track,2021
684,G.A.N.G,Tiakola,pop,track,2024
685,TAKE ALL THE LOVE,Arthur Nery,pop,track,2021
686,Higa,Arthur Nery,pop,track,2019
687,从前说,小阿七,pop,track,2021
688,295,Sidhu Moose Wala,pop,track,2021
689,Ceux qu'on était,Pierre Garnier,pop,track,2024
690,Прощание,Три дня дождя,pop,track,2023
691,"Aaj Ki Raat (From ""Stree 2"")",Sachin-Jigar,pop,track,2024
692,Check It Out,Parmish Verma,pop,track,2023
693,Pétunias,Werenoi,pop,track,2024
694,Sa Ngalan Ng Pag-Ibig,December Avenue,pop,track,2019
695,Адская колыбельная,Poshlaya Molly,pop,track,2024
696,Ishq,Faheem Abdullah,pop,track,2024
697,Rihanna,SDM,pop,track,2021
698,Ніченька,OKS,pop,track,2023
699,На заре,Basta,pop,track,2019
700,Chandelier,Monaky,pop,track,2024
701,Co2,Prateek Kuhad,pop,track,2022
702,Russian Bandana,Dhanda Nyoliwala,pop,track,2024
703,зима,ooes,pop,track,2021
704,Basrah w Atooh,Cairokee,pop,track,2022
705,Відриваючись,Parfeniuk,pop,track,2023
706,Ich hass dich,Nina Chuba,pop,track,2023
707,براحة يا شيخة,Bahaa Sultan,pop,track,2023
708,Sahiba,Jasleen Royal,pop,track,2024
709,Кайфую,VESNA305,pop,track,2021
710,Птичка,HammAli & Navai,pop,track,2021
711,Pas bête,Beendo Z,pop,track,2022
712,Кульбаби,Тоня Матвієнко,pop,track,2022
713,Voy A Desaparecer,Luis Vega,pop,track,2024
714,PER SEMPRE,Geolier,pop,track,2024
715,Dolce Camara,Booba,pop,track,2024
716,Macaroni (feat. Ninho),Leto,pop,track,2020
717,Не Бруклин,МОТ,pop,track,2021
718,немерено,лампабикт,pop,track,2022
719,Tes parents (feat. Ninho),Leto,pop,track,2019
720,Wunder,AYLIVA,pop,track,2024
721,Huling Sandali (Tayo Sa Huling Buwan Ng Taon Official Soundtrack),December Avenue,pop,track,2019
722,Doha,Seyi Vibez,pop,track,2024
723,Un peu de haine,PLK,pop,track,2019
724,Pantropiko,BINI,pop,track,2023
725,さよーならまたいつか！- Sayonara,Kenshi Yonezu,pop,track,2024
726,תמיד אוהב אותי,ששון איפרם שאולוב,pop,track,2024
727,Free Service,Shallipopi,pop,track,2024
728,Люби мене,SKYLERR,pop,track,2024
729,"Akhiyaan Gulaab (From ""Teri Baaton Mein Aisa Uljha Jiya"")",Mitraz,pop,track,2024
730,Мрієшся,CHEEV,pop,track,2023
731,'Cause You Have To,LANY,pop,track,2023
732,هيجيلي موجوع,Tamer Ashour,pop,track,2024
733,Cronômetro - Ao Vivo,Matheus & Kauan,pop,track,2024
734,Додому,Wellboy,pop,track,2022
735,Dans l'univers,Nekfeu,pop,track,2019
736,Apna Bana Le,Sachin-Jigar,pop,track,2022
737,Четыре тридцать,Violetta Sokolova,pop,track,2022
738,Дом Периньон,Poshlaya Molly,pop,track,2021
739,Кис Кис Кис,Monetochka,pop,track,2024
740,Ты так красива,Quest Pistols,pop,track,2024
741,Не знаю,Анна Трінчер,pop,track,2024
742,Погляд,YAKTAK,pop,track,2022
743,Мурашками,МОТ,pop,track,2023
744,"Salamin, Salamin",BINI,pop,track,2024
745,يمكن خير,Ramy Sabry,pop,track,2023
746,Elle pleut,Nekfeu,pop,track,2019
747,Polvere (feat. Tony Boy),Shiva,pop,track,2024
748,Estranghero,Cup of Joe,pop,track,2022
749,Missed Call,Treaty Oak Revival,pop,track,2021
750,总会有人 - 男版,承桓,pop,track,2023
751,Їде дах,Klavdia Petrivna,pop,track,2024
752,Intro,Josman,pop,track,2022
753,Miss Miss,Rob Deniel,pop,track,2023
754,"Janiye (from the Netflix Film ""Chor Nikal Ke Bhaga"")",Vishal Mishra,pop,track,2023
755,Ikaw Pa Rin Ang Pipiliin Ko,Cup of Joe,pop,track,2021
756,Heeriye (feat. Arijit Singh),Jasleen Royal,pop,track,2023
757,Pehle Bhi Main,Vishal Mishra,pop,track,2023
758,мальчик,кис-кис,pop,track,2019
759,كل وعد,Wael Jassar,pop,track,2024
760,Долоні,Parfeniuk,pop,track,2023
761,Ендорфін,YAKTAK,pop,track,2024
762,Miłość jest ślepa,sanah,pop,track,2024
763,Покохай мене,Chico,pop,track,2023
764,LOPSA STORY,1PLIKÉ140,pop,track,2020
765,Доча,Jah Khalib,pop,track,2022
766,Kung 'Di Rin Lang Ikaw,December Avenue,pop,track,2019
767,Метелики,Alena Omargalieva,pop,track,2024
768,Carro (feat. Dillaz),Bárbara Bandeira,pop,track,2023
769,With You,AP Dhillon,pop,track,2023
770,Як ніколи,Okean Elzy,pop,track,2024
771,Театр,Klavdia Petrivna,pop,track,2024
772,Ya Layaly,Ahmed Saad,pop,track,2023
773,Хто ти,Klavdia Petrivna,pop,track,2023
774,Барабан,Artem Pivovarov,pop,track,2024
775,Тьотя,Шугар,pop,track,2024
776,Samjho Na,Aditya Rikhari,pop,track,2022
777,Bonbon à la menthe,Jok'air,pop,track,2019
778,Even,Richie Campbell,pop,track,2024
779,Nem a Pau (feat. Simone Mendes) - Ao Vivo,Yasmin Santos,pop,track,2024
780,ERROR 403,Lu de la Tower,pop,track,2023
781,yayA,Boza,pop,track,2024
782,Буревіями - 2023 Remastered Version,SHUMEI,pop,track,2023
783,Hässlich,AYLIVA,pop,track,2023
784,meer,JEREMIAS,pop,track,2024
785,Sang Rahiyo,Jasleen Royal,pop,track,2020
786,Не втратимо зв'язок,alyona alyona,pop,track,2023
787,"Ela não sabe, pois não?",Bárbara Tinoco,pop,track,2024
788,Nos souvenirs,Jok'air,pop,track,2019
789,Ліфт,SKYLERR,pop,track,2023
790,Небо,YAKTAK,pop,track,2024
791,Pidgin & English,BNXN,pop,track,2023
792,"Tum Se (From ""Teri Baaton Mein Aisa Uljha Jiya"")",Sachin-Jigar,pop,track,2024
793,Под Звездопадом,Tima Belorusskih,pop,track,2021
794,Отпускай,Три дня дождя,pop,track,2022
795,Binhi,Arthur Nery,pop,track,2019
796,Порічка,YAKTAK,pop,track,2023
797,Ana Negm,Cairokee,pop,track,2022
798,Tu hai kahan,AUR,pop,track,2023
799,Перший день,CHEEV,pop,track,2023
800,Tera Hone Laga Hoon,Atif Aslam,pop,track,2023
801,RomCom,Rob Deniel,pop,track,2023
802,"Ai Cowboy - BeM Interior, Ao Vivo",Brenno & Matheus,pop,track,2024
803,Maan Meri Jaan,King,pop,track,2022
804,"Ranjha (From ""Shershaah"")",Jasleen Royal,pop,track,2021
805,Without You,高爾宣 OSN,pop,track,2019
806,Окадар,DJ Damyan,pop,track,2024
807,"Tainu Khabar Nahi - From ""Munjya""",Sachin-Jigar,pop,track,2024
808,Soranji,Mrs. GREEN APPLE,pop,track,2023
809,Вдох-выдох,Karna.val,pop,track,2024
810,Повільно,Adam,pop,track,2023
811,Дорадура,Дора,pop,track,2019
812,Magic,Mrs. GREEN APPLE,pop,track,2023
813,#HABIBATI,Poshlaya Molly,pop,track,2022
814,Como Eran Las Cosas,Babasonicos,pop,track,2020
815,Сломана,SEREBRO,pop,track,2024
816,Mela!,Ryokuoushoku Shakai,pop,track,2020
817,#ПОШТА,Jerry Heil,pop,track,2022
818,familie,Mrs. GREEN APPLE,pop,track,2024
819,А если это любовь?,HammAli & Navai,pop,track,2020
820,Хай пишуть,DOROFEEVA,pop,track,2023
821,ドライフラワー,Yuuri,pop,track,2022
822,1 милион,DJ Damyan,pop,track,2024
823,"Duniyaa (From ""Luka Chuppi"")",Akhil,pop,track,2019
824,Svag,Victor Leksell,pop,track,2020
825,Las vegas,Jok'air,pop,track,2019
826,Khaleny Fe Hodnak,Tamer Ashour,pop,track,2022
827,Gosta De Rua - Ao Vivo,Felipe e Rodrigo,pop,track,2024
828,Mama hat gesagt,SDP,pop,track,2024
829,Lieb mich,AYLIVA,pop,track,2024
830,Kahit Di Mo Alam,December Avenue,pop,track,2019
831,Зоря,MamaRika,pop,track,2022
832,花占い,Vaundy,pop,track,2023
833,Fetiche - Ao Vivo,Lauana Prado,pop,track,2024
834,Подих вітру,Alena Omargalieva,pop,track,2024
835,Уночі,YAKTAK,pop,track,2024
836,風神,Vaundy,pop,track,2024
837,Mi Amor,Dessita,pop,track,2024
838,Kan Inte Gå,Bolaget,pop,track,2021
839,Любила,Sasha Chemerov,pop,track,2021
840,Pasoori,Shae Gill,pop,track,2022
841,Aam Jahe Munde,Parmish Verma,pop,track,2020
842,А я все плакала,DOROFEEVA,pop,track,2024
843,100%,Senidah,pop,track,2019
844,Снег растаял на плечах,DEAD BLONDE,pop,track,2024
845,Patutunguhan,Cup of Joe,pop,track,2023
846,Де моя любов живе,CHEEV,pop,track,2023
847,Вино и сигареты,алёна швец.,pop,track,2020
848,Kahani Suno 2.0,Kaifi Khalil,pop,track,2022
849,Elles ont trop joué avec mon coeur,Jok'air,pop,track,2021
850,"Woh Lamhe Woh Baatein - From ""Zeher""",Atif Aslam,pop,track,2024
851,Барабан,Artem Pivovarov,pop,track,2024
852,Люди,MamaRika,pop,track,2023
853,Нижча зростом,YAKTAK,pop,track,2024
854,ШКОЛЬНИК,Poshlaya Molly,pop,track,2022
855,Before I Lose My Voice,Richie Campbell,pop,track,2024
856,Manjha,Vishal Mishra,pop,track,2020
857,На нічному небі,YAKTAK,pop,track,2024
858,Хризантеми,анастимоза,pop,track,2022
859,Bikhra,Abdul Hannan,pop,track,2022
860,К'ъв съм як,Djordan,pop,track,2023
861,первое свидание,алёна швец.,pop,track,2020
862,"Soni Soni (From ""Ishq Vishk Rebound"")",Darshan Raval,pop,track,2024
863,Dil Diyan Gallan,Atif Aslam,pop,track,2021
864,"Taras - From ""Munjya""",Sachin-Jigar,pop,track,2024
865,"było, minęło",sanah,pop,track,2024
866,Tu Aake Dekhle,King,pop,track,2020
867,لما بيوحشني,Ramy Sabry,pop,track,2023
868,FAVELA,Valentino GRM,pop,track,2024
869,Небо хилиться,alyona alyona,pop,track,2023
870,Beifahrer,AYLIVA,pop,track,2024
871,水平線,back number,pop,track,2023
872,I wonder,Da-iCE,pop,track,2024
873,"I Ciebie też, bardzo (feat. Daria Zawiałow, Dawid Podsiadło & Vito Bambino)",Męskie Granie Orkiestra,pop,track,2021
874,El Dalaa,Bahaa Sultan,pop,track,2023
875,Brutos Diamantes,SYRO,pop,track,2023
876,Aeroplano,Eleni Foureira,pop,track,2024
877,Расстрел,алёна швец.,pop,track,2019
878,"Raataan Lambiyan (From ""Shershaah"")",Tanishk Bagchi,pop,track,2021
879,Щоб не було,DOROFEEVA,pop,track,2022
880,Лудница,Lidia,pop,track,2024
881,Up To U,Dhanda Nyoliwala,pop,track,2023
882,"Chale Aana (From ""De De Pyaar De"")",Amaal Mallik,pop,track,2019
883,Hayat Şaşırtır!,Aydilge,pop,track,2019
884,"Ishq - From ""Lost;Found""",Faheem Abdullah,pop,track,2024
885,Chyba że z Tobą,MODELKI,pop,track,2024
886,На твиче,нексюша,pop,track,2020
887,ロマンチシズム,Mrs. GREEN APPLE,pop,track,2019
888,Seni Dert Etmeler,Madrigal,pop,track,2020
889,Зиг-заг,Galena,pop,track,2024
890,Волосся,SHUMEI,pop,track,2023
891,Барон,Klavdia Petrivna,pop,track,2024
892,energíaS,Boza,pop,track,2024
893,Auf & Ab,Montez,pop,track,2022
894,コロンブス,Mrs. GREEN APPLE,pop,track,2024
895,"Mere Sohneya (From ""Kabir Singh"")",Sachet Tandon,pop,track,2019
896,Білі ночі,Маша Кондратенко,pop,track,2024
897,Портвейн,алёна швец.,pop,track,2019
898,Önümüz Yaz,Simge,pop,track,2024
899,ЗА ТЕРИКОНАМИ,Мюслі UA,pop,track,2023
900,Tera Mera Rishta,Mustafa Zahid,pop,track,2022
901,Моя любовь,AIGEL,pop,track,2019
902,Gianna,Pietro Basile,pop,track,2023
903,Asal Mein,Darshan Raval,pop,track,2020
904,Allo,Anastasia,pop,track,2024
905,Драскай клечката,Tsvetelina Yaneva,pop,track,2023
906,och i ach,Sylwia Grzeszczak,pop,track,2024
907,Фенибут,нексюша,pop,track,2020
908,Ти си топ,DJ Damyan,pop,track,2024
909,Hold On,高爾宣 OSN,pop,track,2024
910,علي باب السيما - من مسلسل ريفو,ريفو شو,pop,track,2022
911,"Кохаю, але не зовсім",DOROFEEVA,pop,track,2023
912,"Бом, Бом",Djordan,pop,track,2024
913,Хартбіт,DOROFEEVA,pop,track,2024
914,Гуцулянка,FIЇNKA,pop,track,2024
915,ダンスホール,Mrs. GREEN APPLE,pop,track,2022
916,僕のこと,Mrs. GREEN APPLE,pop,track,2019
917,SAMMEN,Marstein,pop,track,2024
918,Температура,KOLA,pop,track,2024
919,Etnaset,Muslim - مُسلِم,pop,track,2021
920,Нашата,Galin,pop,track,2022
921,Abracadabra,BARBEL,pop,track,2023
922,"Kaise Hua (From ""Kabir Singh"")",Vishal Mishra,pop,track,2019
923,Ikväll Igen,Bolaget,pop,track,2023
924,Младшая сестра,Дора,pop,track,2019
925,HIPNOZA,NIKOŚ,pop,track,2023
926,"Tam słońce, gdzie my",Wiktor Dyduła,pop,track,2024
927,Ведьм у нас сжигают,алёна швец.,pop,track,2019
928,Toh Phir Aao,Mustafa Zahid,pop,track,2022
929,Dil Tu Jaan Tu,Gurnazar,pop,track,2024
930,Quoi de neuf bébé,Jok'air,pop,track,2023
931,Тамагочи,Мэйби Бэйби,pop,track,2019
932,Da Ili Ne,Krisko,pop,track,2019
933,Maiyya Mainu,Sachet Tandon,pop,track,2022
934,Faasle,Aditya Rikhari,pop,track,2021
935,Har Dig,Yasin,pop,track,2023
936,Nefsy Ahbek,Cairokee,pop,track,2022
937,Олимпос,алёна швец.,pop,track,2019
938,Nim Zajdzie Słońce,Smolasty,pop,track,2023
939,Casaya,BARBEL,pop,track,2022
940,Ta3ala Adalla3ak,Bahaa Sultan,pop,track,2021
941,Malang Sajna,Sachet Tandon,pop,track,2022
942,Nic dwa razy (W. Szymborska),sanah,pop,track,2022
943,Хартбіт,DOROFEEVA,pop,track,2024
944,Nag-Iisang Muli,Cup of Joe,pop,track,2019
945,Alag Aasmaan,Anuv Jain,pop,track,2020
946,Vanavond (Uit M'n Bol),Kris Kross Amsterdam,pop,track,2022
947,ومعاك,Nedaa Shrara,pop,track,2023
948,Delta Force,Galena,pop,track,2024
949,Tegy Ntrahn,Tamer Ashour,pop,track,2022
950,Fica,Domingues,pop,track,2020
951,Moy Si Merak,SIMONA,pop,track,2024
952,Филм за нас,Tsvetelina Yaneva,pop,track,2021
953,Моята принцеса,Konstantin,pop,track,2024
954,Lost and found,Molly Sandén,pop,track,2024
955,Niebo było różowe,Kaśka Sochacka,pop,track,2021
956,Apna Bana Le,Sachin-Jigar,pop,track,2022
957,Sakartvelos Iavnana,Bravo Metehi,pop,track,2020
958,Reyah El Hayah,Hamza Namira,pop,track,2023
959,"Humsafar (From ""Badrinath Ki Dulhania"")",Akhil Sachdeva,pop,track,2019
960,Mojaita,Robi Guid,pop,track,2022
961,Олєг,Шугар,pop,track,2024
962,جيت متأخر,Ramy Gamal,pop,track,2023
963,Gul,Anuv Jain,pop,track,2021
964,Romance de Cinema,Domingues,pop,track,2020
965,ostatnia nadzieja,sanah,pop,track,2022
966,واحشني نفسي - تتر بدايه مسلسل جعفر العمده,Ahmed Saad,pop,track,2023
967,Gulabi Aankhen,Sanam,pop,track,2019
968,ビリミリオン,Yuuri,pop,track,2023
969,"Bekhayali (From ""Kabir Singh"")",Sachet Tandon,pop,track,2019
970,Monaxiki Kardia,Melisses,pop,track,2024
971,Why You Gonna Lie,高爾宣 OSN,pop,track,2019
972,Kan Mawdo3,Tamer Ashour,pop,track,2022
973,Timanttei,Mirella,pop,track,2024
974,Hartslag Van De Stad,Tino Martin,pop,track,2023
975,Сирень,Bakr,pop,track,2022
976,Монопол,Galin,pop,track,2023
977,вотсап,DOROFEEVA,pop,track,2023
978,Gamora,Hov1,pop,track,2021
979,カメレオン,King Gnu,pop,track,2022
980,想和你看五月的晚霞,陳華,pop,track,2022
981,Blender,Masoom Sharma,pop,track,2024
982,STOR MAND (feat. Andreas Odbjerg),Tobias Rahim,pop,track,2022
983,Tu Buay,Valentino GRM,pop,track,2023
984,А я все плакала,DOROFEEVA,pop,track,2024
985,El Sabr Gamel - الصبر جميل,Maha Ftouni,pop,track,2023
986,AMG Isteria,Tedi Aleksandrova,pop,track,2024
987,عم المجال,Mahmoud El Leithy,pop,track,2024
988,"Пуши, пуши",Danna,pop,track,2024
989,Hayaty Msh Tamam,Ramy Sabry,pop,track,2020
990,Zihaal e Miskin,Javed-Mohsin,pop,track,2023
991,Къртиш,Djordan,pop,track,2024
992,Wenta Be3eed - From Bhabak Movie,Tamer Hosny,pop,track,2023
993,Dale Baby,Galin,pop,track,2024
994,Ирония,лампабикт,pop,track,2020
995,La Niña Consentida,BARBEL,pop,track,2023
996,Besitos,BARBEL,pop,track,2023
997,Грешници,Lidia,pop,track,2021
998,Vicio,Nerry Money,pop,track,2023
999,Ölüyorum Anla,Mert Demir,pop,track,2024
