,name_album,name_artist,genre,type,year
0,Triana,Cano,rap,album,2024
1,Columbia,Quevedo,rap,album,2023
2,Celine (with Kidd Keo),Ghost Killer Track,rap,album,2023
3,DONDE QUIERO ESTAR,Quevedo,rap,album,2023
4,DONDE QUIERO ESTAR,Quevedo,rap,album,2023
5,Piel de Cordero,Quevedo,rap,album,2021
6,Flow 2000 (Remix),Bad Gyal,rap,album,2022
7,Not Like Us,Kendrick Lamar,rap,album,2024
8,La Tour Liffee,Delaossa,rap,album,2020
9,DONDE QUIERO ESTAR,Quevedo,rap,album,2023
10,La Dura Vida del Joven Rapero,Don Patricio,rap,album,2019
11,DONDE QUIERO ESTAR,Quevedo,rap,album,2023
12,Ahora y Siempre,Quevedo,rap,album,2021
13,Buenas,Quevedo,rap,album,2023
14,Escondido En Tu Habitaci√≥n,Cano,rap,album,2024
15,Me Muevo Con Dios,Cruz Cafun√©,rap,album,2023
16,The Sound of Silence (CYRIL Remix),Disturbed,rap,album,2024
17,"Cay√≥ La Noche (feat. Cruz Cafun√©, Abhir Hathi, Bejo, EL IMA) [Remix]",La Pantera,rap,album,2022
18,Casanova,Soolking,rap,album,2023
19,La Joia,Bad Gyal,rap,album,2024
20,Volver,Miranda,rap,album,2020
21,Triana,Cano,rap,album,2024
22,Si Supieran,Serko,rap,album,2023
23,Me Muevo Con Dios,Cruz Cafun√©,rap,album,2023
24,Una Foto Remix (feat. Emilia),Mesita,rap,album,2024
25,DONDE QUIERO ESTAR,Quevedo,rap,album,2023
26,haz lo que quieras conmigo,Walls,rap,album,2024
27,La Joia,Bad Gyal,rap,album,2024
28,Mar y Tierra,Hard GZ,rap,album,2022
29,7 L√°grimas (Remix),Soge Culebra,rap,album,2022
30,C√ìDIGOS,Maikel Delacalle,rap,album,2023
31,Moonlight922,Cruz Cafun√©,rap,album,2020
32,LA √öLTIMA,Quevedo,rap,album,2024
33,Me Muevo Con Dios,Cruz Cafun√©,rap,album,2023
34,DONDE QUIERO ESTAR,Quevedo,rap,album,2023
35,Historia De Un Bandolero,Cano,rap,album,2021
36,Lejos,Delaossa,rap,album,2020
37,Moonlight922,Cruz Cafun√©,rap,album,2020
38,DONDE QUIERO ESTAR,Quevedo,rap,album,2023
39,DONDE QUIERO ESTAR,Quevedo,rap,album,2023
40,Otra cama,Hard GZ,rap,album,2021
41,STORM,Soge Culebra,rap,album,2023
42,DONDE QUIERO ESTAR,Quevedo,rap,album,2023
43,DPQDP,Cano,rap,album,2023
44,"Hijos de la ruina, vol. 3",Natos y Waor,rap,album,2021
45,Tu Y Yo (feat. Los del Control),Cano,rap,album,2021
46,Warm Up,Bad Gyal,rap,album,2021
47,Triana,Cano,rap,album,2024
48,ESQUEMAS,Becky G,rap,album,2022
49,4K,El Alfa,rap,album,2020
50,UNA SEMANA INCRE√çBLE,La Pantera,rap,album,2024
51,Barquito de Vela,Hard GZ,rap,album,2022
52,La Placita,Delaossa,rap,album,2019
53,Me Muevo Con Dios,Cruz Cafun√©,rap,album,2023
54,GRIS,Quevedo,rap,album,2020
55,Siempre,Hard GZ,rap,album,2020
56,MALA SANTA,Becky G,rap,album,2019
57,SIN SE√ëAL,Quevedo,rap,album,2022
58,DONDE QUIERO ESTAR,Quevedo,rap,album,2023
59,Me Muevo Con Dios,Cruz Cafun√©,rap,album,2023
60,Delincuente,Tokischa,rap,album,2022
61,Qu√© Bonita,Cano,rap,album,2022
62,Me Muevo Con Dios,Cruz Cafun√©,rap,album,2023
63,DONDE QUIERO ESTAR,Quevedo,rap,album,2023
64,Y Que Fue?,Don Miguelo,rap,album,2020
65,We Love You Tecca,Lil Tecca,rap,album,2019
66,El Androide,El Alfa,rap,album,2020
67,No Me digas Nada,Quevedo,rap,album,2020
68,Estrellita De Madrugada (Ft. Daddy Yankee),Omega,rap,album,2022
69,Hollywood's Bleeding,Post Malone,rap,album,2019
70,UTOPIA,Travis Scott,rap,album,2023
71,La Prendo,Bad Gyal,rap,album,2022
72,Boy Meets World,Sleepy Hallow,rap,album,2023
73,MAMIII,Becky G,rap,album,2022
74,HIGHEST IN THE ROOM,Travis Scott,rap,album,2019
75,La Mejor Versi√≥n de Mi (Remix),NATTI NATASHA,rap,album,2019
76,Mi Nena Remix,Maikel Delacalle,rap,album,2023
77,Music To Be Murdered By,Eminem,rap,album,2020
78,The Emptiness Machine,Linkin Park,rap,album,2024
79,A Bar Song (Tipsy),Shaboozey,rap,album,2024
80,No Tenemos Nada,Amenazzy,rap,album,2019
81,D-DAY,Agust D,rap,album,2023
82,Love Sick (Deluxe),Don Toliver,rap,album,2023
83,ESTE,El Alfa,rap,album,2024
84,Rien 100 Rien,Jul,rap,album,2019
85,Get Busy (Odd Mob Club Mix),Sean Paul,rap,album,2024
86,Ind√©pendance,Jul,rap,album,2021
87,SAGITARIO,El Alfa,rap,album,2022
88,Hollywood's Bleeding,Post Malone,rap,album,2019
89,Che Che,Chimbala,rap,album,2024
90,EMDP (The Last Album),Don Miguelo,rap,album,2024
91,SOS,SZA,rap,album,2022
92,WE DON'T TRUST YOU,Future,rap,album,2024
93,I Had Some Help,Post Malone,rap,album,2024
94,HEROES & VILLAINS,Metro Boomin,rap,album,2022
95,Error 93,Cazzu,rap,album,2019
96,Indigo (Extended),Chris Brown,rap,album,2019
97,HEROES & VILLAINS,Metro Boomin,rap,album,2022
98,UTOPIA,Travis Scott,rap,album,2023
99,MALA SANTA,Becky G,rap,album,2019
100,HARDSTONE PSYCHO,Don Toliver,rap,album,2024
101,Certified Lover Boy,Drake,rap,album,2021
102,F-1 Trillion,Post Malone,rap,album,2024
103,WE DON'T TRUST YOU,Future,rap,album,2024
104,I Smoked Away My Brain (I'm God x Demons Mashup) (feat. Imogen Heap & Clams Casino),A$AP Rocky,rap,album,2023
105,SOS,SZA,rap,album,2022
106,Roses (Imanbek Remix),SAINt JHN,rap,album,2019
107,Alone At Prom,Tory Lanez,rap,album,2021
108,TRANSLATION,Black Eyed Peas,rap,album,2020
109,Dutty Rock (20th Anniversary),Sean Paul,rap,album,2022
110,Meet The Woo,Pop Smoke,rap,album,2019
111,MALA SANTA,Becky G,rap,album,2019
112,I NEVER LIKED YOU,Future,rap,album,2022
113,Lady Killers II,G-Eazy,rap,album,2024
114,True 2 Myself,Lil Tjay,rap,album,2019
115,Houdini,Eminem,rap,album,2024
116,Shoot For The Stars Aim For The Moon,Pop Smoke,rap,album,2020
117,El Dorado,24kGoldn,rap,album,2021
118,100 GIGS,Drake,rap,album,2024
119,Shoot For The Stars Aim For The Moon,Pop Smoke,rap,album,2020
120,death bed (coffee for your head),Powfu,rap,album,2020
121,Big Dawgs,Hanumankind,rap,album,2024
122,The Thrill (feat. Empire of the Sun),Wiz Khalifa,rap,album,2020
123,Heaven Or Hell,Don Toliver,rap,album,2020
124,UTOPIA,Travis Scott,rap,album,2023
125,IGOR,"Tyler, The Creator",rap,album,2019
126,"I Love Life, Thank You",Mac Miller,rap,album,2022
127,Heavy Is the Crown,Linkin Park,rap,album,2024
128,HEROES & VILLAINS,Metro Boomin,rap,album,2022
129,Rien 100 Rien,Jul,rap,album,2019
130,GRASA,NATHY PELUSO,rap,album,2024
131,eat ya veggies,bbno$,rap,album,2021
132,Goosebumps (Remix),Travis Scott,rap,album,2021
133,american dream,21 Savage,rap,album,2024
134,"Where I've Been, Isn't Where I'm Going",Shaboozey,rap,album,2024
135,"Honestly, Nevermind",Drake,rap,album,2022
136,Moulaga,Heuss L'enfoir√©,rap,album,2019
137,Whole Lotta Red,Playboi Carti,rap,album,2020
138,Se Me Olvid√≥,Gera MX,rap,album,2021
139,Rien 100 Rien,Jul,rap,album,2019
140,Laugh Now Cry Later (feat. Lil Durk),Drake,rap,album,2020
141,Casanova,Soolking,rap,album,2023
142,HARDSTONE PSYCHO,Don Toliver,rap,album,2024
143,Calambre,NATHY PELUSO,rap,album,2020
144,We Love You Tecca,Lil Tecca,rap,album,2019
145,The Death of Slim Shady (Coup De Gr√¢ce),Eminem,rap,album,2024
146,IGOR,"Tyler, The Creator",rap,album,2019
147,April Mixtape 3,Snow Strippers,rap,album,2023
148,The Melodic Blue,Baby Keem,rap,album,2021
149,Death Race For Love (Bonus Track Version),Juice WRLD,rap,album,2019
150,a Gift & a Curse,Gunna,rap,album,2023
151,Me Arregle (El loco),Bulin 47,rap,album,2024
152,BEST INTEREST,"Tyler, The Creator",rap,album,2020
153,METRO BOOMIN PRESENTS SPIDER-MAN: ACROSS THE SPIDER-VERSE (SOUNDTRACK FROM AND INSPIRED BY THE MOTION PICTURE),Metro Boomin,rap,album,2023
154,Indigo,RM,rap,album,2022
155,GANG,Kairo Keyz,rap,album,2024
156,Rodeo (Remix),Lah Pat,rap,album,2023
157,SOS,SZA,rap,album,2022
158,Dark Lane Demo Tapes,Drake,rap,album,2020
159,We Love You Tecca 2,Lil Tecca,rap,album,2021
160,Mr. Morale & The Big Steppers,Kendrick Lamar,rap,album,2022
161,2093,Yeat,rap,album,2024
162,House of Pain (Fine Malt Lyrics) [30 Years] [Deluxe Edition],House Of Pain,rap,album,2022
163,Taulier,Niro,rap,album,2023
164,11:11,Chris Brown,rap,album,2023
165,Papel - feat. Morad,Rim'K,rap,album,2021
166,Shoot For The Stars Aim For The Moon,Pop Smoke,rap,album,2020
167,Chemical,Post Malone,rap,album,2023
168,euphoria,Kendrick Lamar,rap,album,2024
169,D√©cennie,Jul,rap,album,2024
170,KIRK,DaBaby,rap,album,2019
171,Botella Tras Botella,Gera MX,rap,album,2021
172,CEO,Mesita,rap,album,2024
173,TEC,Lil Tecca,rap,album,2023
174,JACKBOYS,JACKBOYS,rap,album,2019
175,Mr. Morale & The Big Steppers,Kendrick Lamar,rap,album,2022
176,Lovin On Me,Jack Harlow,rap,album,2023
177,C'est pas des LOL,Jul,rap,album,2019
178,One of Wun,Gunna,rap,album,2024
179,Meet The Woo 2,Pop Smoke,rap,album,2020
180,it boy,bbno$,rap,album,2024
181,SOS,SZA,rap,album,2022
182,We Love You Tecca,Lil Tecca,rap,album,2019
183,La Piedra,Chimbala,rap,album,2023
184,SOS,SZA,rap,album,2022
185,Carr√© VIP,Naps,rap,album,2020
186,For All The Dogs,Drake,rap,album,2023
187,BLAME IT ON BABY,DaBaby,rap,album,2020
188,LA VIE CONTINUE,Maes,rap,album,2024
189,No Face,Drake,rap,album,2024
190,"Right Place, Wrong Person",RM,rap,album,2024
191,Serotonin Dreams,BoyWithUke,rap,album,2022
192,Her Love Still Haunts Me Like a Ghost,Montell Fish,rap,album,2022
193,Que La Choque,Rochy RD,rap,album,2023
194,Hollywood's Bleeding,Post Malone,rap,album,2019
195,Mr. Morale & The Big Steppers,Kendrick Lamar,rap,album,2022
196,True 2 Myself,Lil Tjay,rap,album,2019
197,Brilliant Mind II,Blanco,rap,album,2023
198,UTOPIA,Travis Scott,rap,album,2023
199,PARTYNEXTDOOR 4 (P4),PARTYNEXTDOOR,rap,album,2024
200,Brilliant Mind II,Blanco,rap,album,2023
201,UTOPIA,Travis Scott,rap,album,2023
202,PARTYNEXTDOOR 4 (P4),PARTYNEXTDOOR,rap,album,2024
203,Please Me,Cardi B,rap,album,2019
204,Destined 2 Win,Lil Tjay,rap,album,2021
205,Virgo World,Lil Tecca,rap,album,2020
206,Melly vs. Melvin,YNW Melly,rap,album,2019
207,SAVAGE MODE II,21 Savage,rap,album,2020
208,Oh Oh Oh (Veo Veo),Ceky Viciny,rap,album,2023
209,HARDSTONE PSYCHO,Don Toliver,rap,album,2024
210,Levon James,King Von,rap,album,2020
211,Mr. Morale & The Big Steppers,Kendrick Lamar,rap,album,2022
212,Tough,Quavo,rap,album,2024
213,Welcome to O'Block,King Von,rap,album,2020
214,Indigo,Chris Brown,rap,album,2019
215,D-2,Agust D,rap,album,2020
216,SAVAGE MODE II,21 Savage,rap,album,2020
217,Dimdon (Remix),Rochy RD,rap,album,2023
218,SINVERG√úENZA - con Angela Torres,Emanero,rap,album,2023
219,Hollywood's Bleeding,Post Malone,rap,album,2019
220,HOPE ON THE STREET VOL.1,j-hope,rap,album,2024
221,Nicotine,Trevor Daniel,rap,album,2020
222,"Honestly, Nevermind",Drake,rap,album,2022
223,HEROES & VILLAINS,Metro Boomin,rap,album,2022
224,One of Wun,Gunna,rap,album,2024
225,Twelve Carat Toothache,Post Malone,rap,album,2022
226,Ma belle,Moha La Squale,rap,album,2019
227,LA VIE CONTINUE,Maes,rap,album,2024
228,Certified Lover Boy,Drake,rap,album,2021
229,Legends Never Die,Juice WRLD,rap,album,2020
230,Lalala,Y2K,rap,album,2019
231,IGOR,"Tyler, The Creator",rap,album,2019
232,F-1 Trillion,Post Malone,rap,album,2024
233,WAP (feat. Megan Thee Stallion),Cardi B,rap,album,2020
234,Saturn,SZA,rap,album,2024
235,Let Me Know (I Wonder Why Freestyle),Juice WRLD,rap,album,2019
236,SPIDER,GIMS,rap,album,2024
237,The Forever Story (Extended Version),JID,rap,album,2022
238,B4 The Storm,Internet Money,rap,album,2020
239,Stay With Me,1nonly,rap,album,2020
240,Legendary,Tyga,rap,album,2019
241,UTOPIA,Travis Scott,rap,album,2023
242,Dark Lane Demo Tapes,Drake,rap,album,2020
243,Still Sleep?,Sleepy Hallow,rap,album,2021
244,Butakera,La Joaqui,rap,album,2022
245,Dark Lane Demo Tapes,Drake,rap,album,2020
246,UTOPIA,Travis Scott,rap,album,2023
247,HOPE ON THE STREET VOL.1,j-hope,rap,album,2024
248,Life Is Good (feat. Drake),Future,rap,album,2020
249,Vivo Por Palomo,Bulin 47,rap,album,2023
250,MIDDLE CHILD,J. Cole,rap,album,2019
251,Bande organis√©e,Kofs,rap,album,2020
252,Error 93,Cazzu,rap,album,2019
253,The Melodic Blue,Baby Keem,rap,album,2021
254,We Are Not Your Kind,Slipknot,rap,album,2019
255,True Love,Kanye West,rap,album,2022
256,Instrumental Relics,Clams Casino,rap,album,2020
257,SOS,SZA,rap,album,2022
258,Hurts Me,Tory Lanez,rap,album,2023
259,Fallin',StaySolidRocky,rap,album,2020
260,JESUS IS KING,Kanye West,rap,album,2019
261,Shoot For The Stars Aim For The Moon (Deluxe),Pop Smoke,rap,album,2020
262,Whole Lotta Red,Playboi Carti,rap,album,2020
263,SLUT SZN,NLE Choppa,rap,album,2024
264,Amnesia,La Santa Grifa,rap,album,2021
265,Fuera de √ìrbita,La Santa Grifa,rap,album,2022
266,Popular Monster,Falling In Reverse,rap,album,2024
267,Scary Hours 2,Drake,rap,album,2021
268,Love Sick,Don Toliver,rap,album,2023
269,One of Wun,Gunna,rap,album,2024
270,The Search,NF,rap,album,2019
271,Perfect Ten,Mustard,rap,album,2019
272,Larger Than Life,Brent Faiyaz,rap,album,2023
273,meet the grahams,Kendrick Lamar,rap,album,2024
274,Circles,Mac Miller,rap,album,2020
275,WE STILL DON'T TRUST YOU,Future,rap,album,2024
276,"Grandson, Vol. 1",King Von,rap,album,2019
277,Palo Ajeno,Chimbala,rap,album,2024
278,Jack In The Box,j-hope,rap,album,2022
279,Blockbuster,Ramz,rap,album,2019
280,So Much Fun (Deluxe),Young Thug,rap,album,2019
281,Day One,Kaaris,rap,album,2023
282,La machine,Jul,rap,album,2020
283,For All The Dogs,Drake,rap,album,2023
284,Destined 2 Win,Lil Tjay,rap,album,2021
285,UTOPIA,Travis Scott,rap,album,2023
286,EBRIO,Amenazzy,rap,album,2024
287,Her Loss,Drake,rap,album,2022
288,Legends Never Die,Juice WRLD,rap,album,2020
289,The Death of Slim Shady (Coup De Gr√¢ce),Eminem,rap,album,2024
290,CALL ME IF YOU GET LOST,"Tyler, The Creator",rap,album,2021
291,"Grandson, Vol. 1",King Von,rap,album,2019
292,Hall of Fame,Polo G,rap,album,2021
293,Heaven Or Hell,Don Toliver,rap,album,2020
294,MEGAN,Megan Thee Stallion,rap,album,2024
295,Donda,Kanye West,rap,album,2021
296,Hollywood's Bleeding,Post Malone,rap,album,2019
297,Come Home The Kids Miss You,Jack Harlow,rap,album,2022
298,DISORDER,KXLLSWXTCH,rap,album,2021
299,IGOR,"Tyler, The Creator",rap,album,2019
300,IGOR,"Tyler, The Creator",rap,album,2019
301,Mr. Morale & The Big Steppers,Kendrick Lamar,rap,album,2022
302,Shoot For The Stars Aim For The Moon,Pop Smoke,rap,album,2020
303,Santa Monica,Moha La Squale,rap,album,2019
304,SAVAGE MODE II,21 Savage,rap,album,2020
305,Trip At Knight,Trippie Redd,rap,album,2021
306,Bonus Trap,Cazzu,rap,album,2020
307,The Best In The World Pack,Drake,rap,album,2019
308,TERAPIA DE CHOQUE,La Joaqui,rap,album,2024
309,Cuando Prendo,Rochy RD,rap,album,2024
310,Alone At Prom,Tory Lanez,rap,album,2021
311,LES DERNI√àRES VOLONT√âS DE MOZART (SYMPHONY),GIMS,rap,album,2022
312,We Love You Tecca,Lil Tecca,rap,album,2019
313,WE DON'T TRUST YOU,Future,rap,album,2024
314,epistolares,AKRIILA,rap,album,2024
315,Die A Legend,Polo G,rap,album,2019
316,HEROES & VILLAINS,Metro Boomin,rap,album,2022
317,D√©cennie,Jul,rap,album,2024
318,Certified Lover Boy,Drake,rap,album,2021
319,Chambre 140 (Part.3),PLK,rap,album,2024
320,Life of a DON,Don Toliver,rap,album,2021
321,A Great Chaos (Deluxe),Ken Carson,rap,album,2024
322,Dutty Rock (20th Anniversary),Sean Paul,rap,album,2022
323,ATORRANTE - con Los Palmeras,Emanero,rap,album,2023
324,Meet The Woo 2,Pop Smoke,rap,album,2020
325,Hollywood's Bleeding,Post Malone,rap,album,2019
326,Gangsta's Paradise,Coolio,rap,album,2024
327,IGOR,"Tyler, The Creator",rap,album,2019
328,THE GOAT,Polo G,rap,album,2020
329,Love Sick (Deluxe),Don Toliver,rap,album,2023
330,PARTYNEXTDOOR 4 (P4),PARTYNEXTDOOR,rap,album,2024
331,Good Days,SZA,rap,album,2020
332,ALL RED,Playboi Carti,rap,album,2024
333,Virgo World,Lil Tecca,rap,album,2020
334,Her Loss,Drake,rap,album,2022
335,Watch This (ARIZONATEARS Pluggnb Remix),Lil Uzi Vert,rap,album,2023
336,Suicidal (Remix) [feat. Juice WRLD],YNW Melly,rap,album,2020
337,On ira o√π ?,DTF,rap,album,2019
338,LA VIE CONTINUE,Maes,rap,album,2024
339,–û—Ç–µ—á–µ—Å—Ç–≤–æ –∫–∞–∑—ë–Ω–Ω–æ–µ,Gio Pika,rap,album,2020
340,Floor Seats,A$AP Ferg,rap,album,2019
341,Push Ups,Drake,rap,album,2024
342,F-1 Trillion,Post Malone,rap,album,2024
343,Enfant2LaRue Vol.1,Sasso,rap,album,2020
344,Lonely Road (with Jelly Roll),mgk,rap,album,2024
345,ADICTO,Emanero,rap,album,2023
346,3:15 (Breathe),Russ,rap,album,2021
347,Dark Lane Demo Tapes,Drake,rap,album,2020
348,Just Wanna Rock,Lil Uzi Vert,rap,album,2022
349,FLY,Quavo,rap,album,2024
350,F-1 Trillion,Post Malone,rap,album,2024
351,BANDIDO,Emanero,rap,album,2022
352,PLAN A,Lil Tecca,rap,album,2024
353,JESUS IS KING,Kanye West,rap,album,2019
354,For All The Dogs,Drake,rap,album,2023
355,Dos Besitos,La Joaqui,rap,album,2022
356,HEROES & VILLAINS,Metro Boomin,rap,album,2022
357,PUNK TACTICS,Joey Valence & Brae,rap,album,2023
358,FRANCHISE (feat. Young Thug & M.I.A.),Travis Scott,rap,album,2020
359,Mr. Morale & The Big Steppers,Kendrick Lamar,rap,album,2022
360,SOS,SZA,rap,album,2022
361,Whole Lotta Red,Playboi Carti,rap,album,2020
362,PLAN A,Lil Tecca,rap,album,2024
363,Bad Vibes Forever,XXXTENTACION,rap,album,2019
364,Heaven Or Hell,Don Toliver,rap,album,2020
365,Vintage,Soolking,rap,album,2020
366,So Much Fun,Young Thug,rap,album,2019
367,Faith Of A Mustard Seed,Mustard,rap,album,2024
368,The Death of Slim Shady (Coup De Gr√¢ce),Eminem,rap,album,2024
369,Una Foto,Mesita,rap,album,2023
370,Marvelous,Yung Gravy,rap,album,2022
371,Teen X,Ken Carson,rap,album,2020
372,SOIS PAS TIMIDE,GIMS,rap,album,2024
373,Sans visa,Soolking,rap,album,2022
374,EN ATTENDANT LVC 2,Maes,rap,album,2024
375,american dream,21 Savage,rap,album,2024
376,I NEVER LIKED YOU,Future,rap,album,2022
377,Aranjuez,Alcolirykoz,rap,album,2021
378,Up 2 M√´,Yeat,rap,album,2021
379,Alone At Prom,Tory Lanez,rap,album,2021
380,DIE FOR MY BITCH,Baby Keem,rap,album,2019
381,Con Sonido,Bulin 47,rap,album,2024
382,A Great Chaos,Ken Carson,rap,album,2023
383,CALL ME IF YOU GET LOST,"Tyler, The Creator",rap,album,2021
384,Riot,XXXTENTACION,rap,album,2020
385,Tickets To My Downfall,mgk,rap,album,2020
386,100 GIGS,Drake,rap,album,2024
387,MIXTAPE PLUTO,Future,rap,album,2024
388,TUTTA VITA,Olly,rap,album,2024
389,TEC (Bonus),Lil Tecca,rap,album,2024
390,BORRACHO Y LOCO,Emanero,rap,album,2024
391,HOPE,NF,rap,album,2023
392,Whatever She Wants,Bryson Tiller,rap,album,2024
393,Stop Staring At the Shadows,$uicideboy$,rap,album,2020
394,Larger Than Life,Brent Faiyaz,rap,album,2023
395,Oh qu'elle est belle,Jul,rap,album,2024
396,Ghetto Fabulous,Rich Amiri,rap,album,2023
397,Culture III,Migos,rap,album,2021
398,Certified Lover Boy,Drake,rap,album,2021
399,Whole Lotta Red,Playboi Carti,rap,album,2020
400,Whole Lotta Red,Playboi Carti,rap,album,2020
401,Slime & B,Chris Brown,rap,album,2020
402,Tell Em,Cochise,rap,album,2021
403,Lyf√´,Yeat,rap,album,2022
404,DS4EVER,Gunna,rap,album,2022
405,american dream,21 Savage,rap,album,2024
406,"Honestly, Nevermind",Drake,rap,album,2022
407,TUTTA VITA,Olly,rap,album,2024
408,A N N I V E R S A R Y,Bryson Tiller,rap,album,2020
409,Les derniers salopards,Maes,rap,album,2020
410,Enna Boost,PLK,rap,album,2021
411,Certified Lover Boy,Drake,rap,album,2021
412,For All The Dogs Scary Hours Edition,Drake,rap,album,2023
413,So Much Fun,Young Thug,rap,album,2019
414,The New Toronto 3,Tory Lanez,rap,album,2020
415,My Turn (Deluxe),Lil Baby,rap,album,2020
416,Fighting Demons (Deluxe),Juice WRLD,rap,album,2022
417,Death Race For Love (Bonus Track Version),Juice WRLD,rap,album,2019
418,Yellow Tape 2,Key Glock,rap,album,2021
419,Over It,Summer Walker,rap,album,2019
420,DIE FOR MY BITCH,Baby Keem,rap,album,2019
421,Organic,PENOMECO,rap,album,2021
422,My Turn,Lil Baby,rap,album,2020
423,JAMIE,Montell Fish,rap,album,2022
424,Death Race For Love (Bonus Track Version),Juice WRLD,rap,album,2019
425,"Fine Ho, Stay",Flo Milli,rap,album,2024
426,Perfect Ten,Mustard,rap,album,2019
427,Legends Never Die,Juice WRLD,rap,album,2020
428,Certified Lover Boy,Drake,rap,album,2021
429,Circles,Mac Miller,rap,album,2020
430,Never Lose Me,Flo Milli,rap,album,2023
431,Lil Boat 3.5,Lil Yachty,rap,album,2020
432,The Off-Season,J. Cole,rap,album,2021
433,Let‚Äôs Start Here.,Lil Yachty,rap,album,2023
434,Family Matters,Drake,rap,album,2024
435,Faith,Pop Smoke,rap,album,2021
436,HOPE,NF,rap,album,2023
437,2000,Joey Bada$$,rap,album,2022
438,AI YoungBoy 2,YoungBoy Never Broke Again,rap,album,2019
439,WE STILL DON'T TRUST YOU,Future,rap,album,2024
440,Extraterrestre,Jul,rap,album,2022
441,Pegasus,Trippie Redd,rap,album,2020
442,A-One,Landy,rap,album,2020
443,Still Over It,Summer Walker,rap,album,2021
444,Legends Never Die,Juice WRLD,rap,album,2020
445,IGOR,"Tyler, The Creator",rap,album,2019
446,HARDSTONE PSYCHO,Don Toliver,rap,album,2024
447,Fuck The World,Brent Faiyaz,rap,album,2020
448,HIGHJACK,A$AP Rocky,rap,album,2024
449,Larger Than Life,Brent Faiyaz,rap,album,2023
450,TUTTA VITA,Olly,rap,album,2024
451,Tailor Swif,A$AP Rocky,rap,album,2024
452,Drip or Drown 2,Gunna,rap,album,2019
453,CRASH,Kehlani,rap,album,2024
454,Search & Rescue,Drake,rap,album,2023
455,TUTTA VITA,Olly,rap,album,2024
456,Might Delete Later,J. Cole,rap,album,2024
457,Slime Language 2,Young Stoner Life,rap,album,2021
458,11:11,Chris Brown,rap,album,2023
459,Whole Lotta Red,Playboi Carti,rap,album,2020
460,american dream,21 Savage,rap,album,2024
461,SET IT OFF,Offset,rap,album,2023
462,A PURO DOLOR,Emanero,rap,album,2024
463,Top Shotta,NLE Choppa,rap,album,2020
464,Frenia,La Santa Grifa,rap,album,2023
465,vice city,XXXTENTACION,rap,album,2022
466,Certified Lover Boy,Drake,rap,album,2021
467,11:11 (Deluxe),Chris Brown,rap,album,2024
468,Chef D'orchestre,Heuss L'enfoir√©,rap,album,2023
469,WASTELAND,Brent Faiyaz,rap,album,2022
470,"Grandson, Vol. 1",King Von,rap,album,2019
471,For All The Dogs,Drake,rap,album,2023
472,La Divina Commedia,Tedua,rap,album,2023
473,JACKBOYS,JACKBOYS,rap,album,2019
474,Her Loss,Drake,rap,album,2022
475,Sans visa,Soolking,rap,album,2022
476,PARTYNEXTDOOR 4 (P4),PARTYNEXTDOOR,rap,album,2024
477,Jackman.,Jack Harlow,rap,album,2023
478,Wish I Never Met You (Prison Tapes),Tory Lanez,rap,album,2024
479,WE DON'T TRUST YOU,Future,rap,album,2024
480,Favourite Girl (with Rema),Darkoo,rap,album,2024
481,Only Built For Infinity Links,Quavo,rap,album,2022
482,Legends Never Die,Juice WRLD,rap,album,2020
483,20/20,Redimi2,rap,album,2020
484,Chixtape 5,Tory Lanez,rap,album,2019
485,Freddie's Inferno,Freddie Dredd,rap,album,2022
486,Lyf√´,Yeat,rap,album,2022
487,WUNNA,Gunna,rap,album,2020
488,PUNK TACTICS,Joey Valence & Brae,rap,album,2023
489,La route est longue,Jul,rap,album,2023
490,After Hours,Kehlani,rap,album,2024
491,Jack In The Box (HOPE Edition),j-hope,rap,album,2023
492,The House Is Burning,Isaiah Rashad,rap,album,2021
493,WE DON'T TRUST YOU,Future,rap,album,2024
494,La machine,Jul,rap,album,2020
495,LIL PEEP; PART ONE,Lil Peep,rap,album,2024
496,SOS,SZA,rap,album,2022
497,HEROES & VILLAINS,Metro Boomin,rap,album,2022
498,Demain √ßa ira,Jul,rap,album,2021
499,Fuera de √ìrbita,La Santa Grifa,rap,album,2022
500,LA VIE CONTINUE,Maes,rap,album,2024
501,Her Love Still Haunts Me Like a Ghost,Montell Fish,rap,album,2022
502,DTOX,Alex Zurdo,rap,album,2022
503,UNO,Alex Zurdo,rap,album,2021
504,Whole Lotta Red,Playboi Carti,rap,album,2020
505,Her Loss,Drake,rap,album,2022
506,Easy (Remix),DaniLeigh,rap,album,2019
507,Death Race For Love (Bonus Track Version),Juice WRLD,rap,album,2019
508,LA MELO EST GANGX,Gazo,rap,album,2023
509,Whole Lotta Red,Playboi Carti,rap,album,2020
510,Alicante,Gambino,rap,album,2019
511,epistolares,AKRIILA,rap,album,2024
512,Saiyan,Heuss L'enfoir√©,rap,album,2023
513,"Gira, il mondo gira",Olly,rap,album,2023
514,Certified Lover Boy,Drake,rap,album,2021
515,Bandit,Don Toliver,rap,album,2024
516,THE GOAT,Polo G,rap,album,2020
517,HARDSTONE PSYCHO,Don Toliver,rap,album,2024
518,Under Your Spell / Don't You Feel,Snow Strippers,rap,album,2023
519,Please Excuse Me for Being Antisocial,Roddy Ricch,rap,album,2019
520,"Where I've Been, Isn't Where I'm Going",Shaboozey,rap,album,2024
521,Int√©gral 2 #POV,Nahir,rap,album,2023
522,PARTYNEXTDOOR 4 (P4),PARTYNEXTDOOR,rap,album,2024
523,All My Life (feat. J. Cole),Lil Durk,rap,album,2023
524,UNO,Alex Zurdo,rap,album,2021
525,11:11 (Deluxe),Chris Brown,rap,album,2024
526,Ni√±a Elegante,La Santa Grifa,rap,album,2023
527,SOS,SZA,rap,album,2022
528,Slime Language 2,Young Stoner Life,rap,album,2021
529,PƒÉm√¢ntul,The Urs,rap,album,2024
530,"94 bois, Vol. 2",L2B,rap,album,2022
531,Die A Legend,Polo G,rap,album,2019
532,KHALED KHALED,DJ Khaled,rap,album,2021
533,Breezy,Chris Brown,rap,album,2022
534,Might Delete Later,J. Cole,rap,album,2024
535,√à sempre bello,Coez,rap,album,2019
536,Paper Soldier (feat. Joony),Brent Faiyaz,rap,album,2021
537,KMT,Gazo,rap,album,2022
538,C'est pas des LOL,Jul,rap,album,2019
539,teen romance,Lil Peep,rap,album,2024
540,Come Home The Kids Miss You,Jack Harlow,rap,album,2022
541,"Sing Me a Lullaby, My Sweet Temptation",$uicideboy$,rap,album,2022
542,High Off Life,Future,rap,album,2020
543,bag or die,bbno$,rap,album,2022
544,Antes de Noviembre,Oney1,rap,album,2024
545,Her Loss,Drake,rap,album,2022
546,Cottonwood 2 (Deluxe 2.0),NLE Choppa,rap,album,2023
547,SLUT SZN,NLE Choppa,rap,album,2024
548,Pumpfake,Sadfriendd,rap,album,2024
549,Monaco,Guy2Bezbar,rap,album,2024
550,While We Wait,Kehlani,rap,album,2019
551,Guy For That,Post Malone,rap,album,2024
552,Fighting Demons (Deluxe),Juice WRLD,rap,album,2022
553,LA VIE CONTINUE,Maes,rap,album,2024
554,WASTELAND,Brent Faiyaz,rap,album,2022
555,2069',PLK,rap,album,2023
556,XXX,Amenazzy,rap,album,2023
557,Ceinture noire (Transcendance),GIMS,rap,album,2019
558,500lbs,Lil Tecca,rap,album,2023
559,Already Rich,Yeat,rap,album,2023
560,So Much Fun,Young Thug,rap,album,2019
561,4L,Yeat,rap,album,2021
562,Taramul interzis,The Urs,rap,album,2023
563,C'est pas des LOL,Jul,rap,album,2019
564,WASTELAND,Brent Faiyaz,rap,album,2022
565,Mise √† jour,Jul,rap,album,2024
566,The Off-Season,J. Cole,rap,album,2021
567,Zem√´r,Soolking,rap,album,2019
568,IL LE FALLAIT,Fav√©,rap,album,2023
569,No crari,OBOY,rap,album,2021
570,Lyf√´,Yeat,rap,album,2022
571,Best Life,Naps,rap,album,2021
572,Aranjuez,Alcolirykoz,rap,album,2021
573,Carr√© VIP,Naps,rap,album,2020
574,LOVE FOR GUALA,Flipp Dinero,rap,album,2019
575,Ctrl (Deluxe),SZA,rap,album,2022
576,My Turn,Lil Baby,rap,album,2020
577,Hardest Ese Ever,That Mexican OT,rap,album,2021
578,11:11 (Deluxe),Chris Brown,rap,album,2024
579,SUR LE CHEMIN (Phase finale),UZI,rap,album,2024
580,Larger Than Life,Brent Faiyaz,rap,album,2023
581,LADRONA - con Mario Luis,Emanero,rap,album,2024
582,Over It,Summer Walker,rap,album,2019
583,Over It,Summer Walker,rap,album,2019
584,DTOX,Alex Zurdo,rap,album,2022
585,Care Package,Drake,rap,album,2019
586,Welcome to O'Block,King Von,rap,album,2020
587,Revenge Of The Dreamers III,Dreamville,rap,album,2019
588,Project X,Ken Carson,rap,album,2021
589,Per due come noi,Olly,rap,album,2024
590,One of Wun,Gunna,rap,album,2024
591,PARTYNEXTDOOR 4 (P4),PARTYNEXTDOOR,rap,album,2024
592,Les derniers salopards,Maes,rap,album,2020
593,A Love Letter To You 4,Trippie Redd,rap,album,2019
594,2093,Yeat,rap,album,2024
595,A Cold Sunday,Lil Yachty,rap,album,2024
596,The House Is Burning,Isaiah Rashad,rap,album,2021
597,Certified Lover Boy,Drake,rap,album,2021
598,ME DUELE TU TRAICI√ìN,Emanero,rap,album,2024
599,SIRIO,Lazza,rap,album,2022
600,SIRIO,Lazza,rap,album,2022
601,High Off Life,Future,rap,album,2020
602,Capo Dei Capi Vol. II & III,Alonzo,rap,album,2021
603,ONE CALL,Rich Amiri,rap,album,2023
604,Forever,ilyTOMMY,rap,album,2019
605,Over It,Summer Walker,rap,album,2019
606,En temps r√©el,Naps,rap,album,2023
607,Les mains faites pour l'or,Naps,rap,album,2021
608,HEAT STICK,Shoreline Mafia,rap,album,2024
609,On Me,Lil Baby,rap,album,2020
610,N'A STRAGIA,Gambi,rap,album,2023
611,Lil Boat 3,Lil Yachty,rap,album,2020
612,"Sing Me a Lullaby, My Sweet Temptation",$uicideboy$,rap,album,2022
613,2 Aliv√´,Yeat,rap,album,2022
614,Bande organis√©e 2,Jul,rap,album,2024
615,Someone Else (Lost Tapes 2015),Tory Lanez,rap,album,2024
616,Arketipo Temporada 2,El Arkeologo,rap,album,2022
617,C'est pas des LOL,Jul,rap,album,2019
618,"Gira, il mondo gira",Olly,rap,album,2023
619,Por Si Ma√±ana,Zeballos,rap,album,2019
620,√à sempre bello,Coez,rap,album,2019
621,NO STYLIST,Destroy Lonely,rap,album,2022
622,Lonely Dirt Road,Dax,rap,album,2024
623,Les derniers salopards,Maes,rap,album,2020
624,"Where I've Been, Isn't Where I'm Going",Shaboozey,rap,album,2024
625,LIL PEEP; PART ONE,Lil Peep,rap,album,2024
626,WUNNA (Deluxe),Gunna,rap,album,2020
627,OMEGA,OBOY,rap,album,2019
628,DIO LO SA,Geolier,rap,album,2024
629,Fuera de √ìrbita,La Santa Grifa,rap,album,2022
630,LVDR,Heuss L'enfoir√©,rap,album,2024
631,DRILL FR,Gazo,rap,album,2021
632,A Great Chaos,Ken Carson,rap,album,2023
633,CONXSI√ìN,Alex Zurdo,rap,album,2023
634,One of Wun,Gunna,rap,album,2024
635,PARTYPACK,PARTYNEXTDOOR,rap,album,2020
636,Baby Mama,Don Pero,rap,album,2022
637,11:11,Chris Brown,rap,album,2023
638,Coup du marteau,Tam Sir,rap,album,2023
639,Back For Everything,Kodak Black,rap,album,2022
640,DIO LO SA,Geolier,rap,album,2024
641,Whitsitt Chapel,Jelly Roll,rap,album,2023
642,LA MELO EST GANGX,Gazo,rap,album,2023
643,MARCELINE,Lil God Dan,rap,album,2020
644,Mode Avion,Fav√©,rap,album,2022
645,Autobahn,SCH,rap,album,2022
646,PLAYBOY,Tory Lanez,rap,album,2021
647,Enna,PLK,rap,album,2020
648,My Turn,Lil Baby,rap,album,2020
649,LA VIE EST BELLE,Gambi,rap,album,2020
650,Devastante,Olly,rap,album,2024
651,AD VITAM √ÜTERNAM,Booba,rap,album,2024
652,A N N I V E R S A R Y,Bryson Tiller,rap,album,2020
653,Artist 2.0 (Deluxe),A Boogie Wit da Hoodie,rap,album,2020
654,If Looks Could Kill,Destroy Lonely,rap,album,2023
655,A Great Chaos,Ken Carson,rap,album,2023
656,SparrowsCreek,BONES,rap,album,2019
657,Over It,Summer Walker,rap,album,2019
658,Amanecemos,La Joaqui,rap,album,2023
659,MUNDO ROTO,Ronpe 99,rap,album,2023
660,CLEAR 2: SOFT LIFE EP,Summer Walker,rap,album,2023
661,Torcida,Bresh,rap,album,2024
662,LA VIE CONTINUE,Maes,rap,album,2024
663,Guasto D'Amore,Bresh,rap,album,2023
664,Up 2 M√´,Yeat,rap,album,2021
665,A Gangsta‚Äôs Pain,Moneybagg Yo,rap,album,2021
666,Might Delete Later,J. Cole,rap,album,2024
667,THE GOAT,Polo G,rap,album,2020
668,Libert√†,Rocco Hunt,rap,album,2019
669,A N N I V E R S A R Y,Bryson Tiller,rap,album,2020
670,TUTTA VITA,Olly,rap,album,2024
671,Long Term Effects of SUFFERING,$uicideboy$,rap,album,2021
672,X,Ken Carson,rap,album,2022
673,Whitsitt Chapel,Jelly Roll,rap,album,2023
674,Por Si Ma√±ana,Zeballos,rap,album,2019
675,XXX,Amenazzy,rap,album,2023
676,Amsterdam,Moha La Squale,rap,album,2020
677,LSet,L7NNON,rap,album,2024
678,Bane,Destroy Lonely,rap,album,2019
679,Mise √† jour,Jul,rap,album,2024
680,KEEP IT COOL,Internet Money,rap,album,2024
681,Chambre 140 (Part.1),PLK,rap,album,2024
682,Yellow Tape,Key Glock,rap,album,2020
683,arreglo floral,AKRIILA,rap,album,2024
684,No Me Digas Que No,Emanero,rap,album,2022
685,Baby Point,Black Jonas Point,rap,album,2019
686,Mafana,OBOY,rap,album,2020
687,Suavemente,Soolking,rap,album,2022
688,TI TI TI,Gradur,rap,album,2024
689,–°–∏–Ω–∏–π –∫–∞–º–µ–Ω—å,Gio Pika,rap,album,2019
690,Stop Staring At the Shadows,$uicideboy$,rap,album,2020
691,I No Longer Fear The Razor Guarding My Heel (V),$uicideboy$,rap,album,2023
692,CORDILL√àRE,Maes,rap,album,2024
693,A Great Chaos (Deluxe),Ken Carson,rap,album,2024
694,Goodnight Lovell,Night Lovell,rap,album,2019
695,Gros b√©b√©,Naza,rap,album,2020
696,Con Carpusa & De Cayetano,Malandro,rap,album,2019
697,–ì–¥–µ —Ç—ã —Ç–µ–ø–µ—Ä—å –∏ —Å –∫–µ–º,Basta,rap,album,2023
698,"I P‚Äô ME, TU P‚Äô TE",Geolier,rap,album,2024
699,DIO LO SA,Geolier,rap,album,2024
700,XXX,Amenazzy,rap,album,2023
701,TUTTA VITA,Olly,rap,album,2024
702,Noapte de noapte,The Urs,rap,album,2023
703,SIRIO,Lazza,rap,album,2022
704,Never Wanted Fame,Foolio,rap,album,2019
705,PRE5L,Key Glock,rap,album,2022
706,DIO LO SA,Geolier,rap,album,2024
707,Back For Everything,Kodak Black,rap,album,2022
708,A Great Chaos,Ken Carson,rap,album,2023
709,La kiffance,Naps,rap,album,2021
710,Over It,Summer Walker,rap,album,2019
711,Buster Keaton,MiyaGi,rap,album,2019
712,Demain √ßa ira,Jul,rap,album,2021
713,XXX,Amenazzy,rap,album,2023
714,Kid Cudi (Remix),Xavier Wulf,rap,album,2019
715,Caliente,Timal,rap,album,2020
716,SIRIO,Lazza,rap,album,2022
717,Yellow Tape,Key Glock,rap,album,2020
718,Cartel : volume 1,Koba LaD,rap,album,2021
719,Heart On My Sleeve (Deluxe Edition),Ella Mai,rap,album,2023
720,If Looks Could Kill,Destroy Lonely,rap,album,2023
721,Drill FR 4,Gazo,rap,album,2020
722,Zone 59,Gradur,rap,album,2019
723,Ind√©pendance,Jul,rap,album,2021
724,DIO LO SA,Geolier,rap,album,2024
725,New World Depression,$uicideboy$,rap,album,2024
726,LES DERNI√àRES VOLONT√âS DE MOZART (SYMPHONY),GIMS,rap,album,2022
727,C'est pas des LOL,Jul,rap,album,2019
728,Urus,Fav√©,rap,album,2022
729,New World Depression,$uicideboy$,rap,album,2024
730,Vintage,Soolking,rap,album,2020
731,Opri»õi planeta,Puya,rap,album,2023
732,Lovebars,Coez,rap,album,2023
733,Ar√®s,Timal,rap,album,2021
734,Mafana,OBOY,rap,album,2020
735,Demain √ßa ira,Jul,rap,album,2021
736,KMT,Gazo,rap,album,2022
737,Chambre 140 (Part.1),PLK,rap,album,2024
738,Buster Keaton,MiyaGi,rap,album,2019
739,M√©lanine,Heuss L'enfoir√©,rap,album,2024
740,New World Depression,$uicideboy$,rap,album,2024
741,What is life?,Dax,rap,album,2023
742,Tombolo,Kalash,rap,album,2022
743,Polak,PLK,rap,album,2019
744,Sinc√®rement,Hamza,rap,album,2023
745,Superstar,Jul,rap,album,2022
746,FromBeyondTheGrave,BONES,rap,album,2020
747,Revenge Of The Dreamers III,Dreamville,rap,album,2019
748,DESPUES DE NOVIEMBRE,Oney1,rap,album,2024
749,Texture (Remastered),MiyaGi,rap,album,2020
750,Plus Comme Avant,L2B,rap,album,2023
751,Ballads of the Broken,Jelly Roll,rap,album,2021
752,Long Term Effects of SUFFERING,$uicideboy$,rap,album,2021
753,"Sincerely, Kentrell",YoungBoy Never Broke Again,rap,album,2021
754,Non litighiamo pi√π,Rocco Hunt,rap,album,2023
755,Chambre 140 (Part.1),PLK,rap,album,2024
756,11:11,Chris Brown,rap,album,2023
757,En mouvement (Extrait du projet Art de rue),Lamatrix,rap,album,2020
758,Buster Keaton,MiyaGi,rap,album,2019
759,Hurac√°n,Gera MX,rap,album,2019
760,"NOI, LORO, GLI ALTRI",Marracash,rap,album,2021
761,SIRIO,Lazza,rap,album,2022
762,Paradise,Hamza,rap,album,2019
763,KMT,Gazo,rap,album,2022
764,Flashback,Fav√©,rap,album,2023
765,Vampiro,Matu√™,rap,album,2022
766,Honeysuckle & Lightning Bugs,Blanco Brown,rap,album,2019
767,Pray 4 Love (Deluxe),Rod Wave,rap,album,2020
768,Nightmares,Bresh,rap,album,2023
769,HEARTBREAK LIFE,Kaza,rap,album,2020
770,On est fait pour √ßa,Naps,rap,album,2019
771,La Divina Commedia,Tedua,rap,album,2023
772,Buster Keaton,MiyaGi,rap,album,2019
773,I AM,MACAN,rap,album,2024
774,Her Love Still Haunts Me Like a Ghost,Montell Fish,rap,album,2022
775,IL CORAGGIO DEI BAMBINI,Geolier,rap,album,2023
776,Indigo,Chris Brown,rap,album,2019
777,Survivor‚Äôs Remorse,Roddy Ricch,rap,album,2024
778,Chambre 140 (Part.3),PLK,rap,album,2024
779,Haita,The Urs,rap,album,2024
780,One of Wun,Gunna,rap,album,2024
781,Rien 100 Rien,Jul,rap,album,2019
782,In Italia 2024 (feat. Emma & Baby Gang),Fabri Fibra,rap,album,2024
783,Capitaine fait de l'art,Leto,rap,album,2024
784,12,FACE,rap,album,2019
785,DRILL FR,Gazo,rap,album,2021
786,–ú–∏—Ä,Gio Pika,rap,album,2024
787,Buster Keaton,MiyaGi,rap,album,2019
788,Taramul interzis (Dj Dark Remix),The Urs,rap,album,2023
789,IL CORAGGIO DEI BAMBINI,Geolier,rap,album,2023
790,For Ya,ËíãÂ∞èÂë¢,rap,album,2020
791,Terminal 2F,GIMS,rap,album,2024
792,Lonestar Luchador,That Mexican OT,rap,album,2023
793,SUR LE CHEMIN (Phase finale),UZI,rap,album,2024
794,Michael Jordan,DA Uzi,rap,album,2024
795,11:11 (Deluxe),Chris Brown,rap,album,2024
796,ASPHALT 8,MACAN,rap,album,2023
797,Persona,Marracash,rap,album,2019
798,NS+ (ULTRA),Destroy Lonely,rap,album,2022
799,La TN (Team Naps),Naps,rap,album,2022
800,Les autres c‚Äôest nous,Bigflo & Oli,rap,album,2022
801,IL CORAGGIO DEI BAMBINI - ATTO II,Geolier,rap,album,2023
802,"Gira, il mondo gira",Olly,rap,album,2023
803,In The Air,Destroy Lonely,rap,album,2020
804,IL CORAGGIO DEI BAMBINI,Geolier,rap,album,2023
805,Buster Keaton,MiyaGi,rap,album,2019
806,SAUDADE,Green Montana,rap,album,2024
807,Saison 00,Luidji,rap,album,2023
808,Wokeup,Kankan,rap,album,2021
809,I'll Say It For You,Dax,rap,album,2020
810,Sorry Not Sorry,Lil Yachty,rap,album,2024
811,Altamente Mia,Bresh,rap,album,2023
812,2000,Pashanim,rap,album,2024
813,Mental,PLK,rap,album,2019
814,Saison 00,Luidji,rap,album,2023
815,Dr√¥le de mentalit√©,Djadja & Dinaz,rap,album,2019
816,Du Phoenix aux √©toiles...,Soprano,rap,album,2019
817,Sinc√®rement,Hamza,rap,album,2023
818,Synkinisi,Bosh,rap,album,2020
819,333,Matu√™,rap,album,2024
820,Sem Alian√ßa no Dedo,MC Xenon,rap,album,2022
821,11:11 (Deluxe),Chris Brown,rap,album,2024
822,XXX,Amenazzy,rap,album,2023
823,2069',PLK,rap,album,2023
824,AD VITAM √ÜTERNAM,Booba,rap,album,2024
825,Solteiros,Deejay Telio,rap,album,2023
826,7220 (Reloaded),Lil Durk,rap,album,2022
827,Carr√© VIP,Naps,rap,album,2020
828,LIBERATO,LIBERATO,rap,album,2019
829,Fr√®res Ennemis,Zola,rap,album,2024
830,Cartel : volume 1 & 2,Koba LaD,rap,album,2021
831,PETETE,Gambi,rap,album,2022
832,Polvere,Olly,rap,album,2023
833,Demain √ßa ira,Jul,rap,album,2021
834,Apa,The Urs,rap,album,2023
835,"Gira, il mondo gira",Olly,rap,album,2023
836,SUR LE CHEMIN (Phase finale),UZI,rap,album,2024
837,Persona,Marracash,rap,album,2019
838,Il Mondo Gira,Olly,rap,album,2022
839,Self Medicated,Jelly Roll,rap,album,2020
840,Dr√¥le de mentalit√©,Djadja & Dinaz,rap,album,2019
841,Indigo (Extended),Chris Brown,rap,album,2019
842,Il Mondo Gira,Olly,rap,album,2022
843,Lonestar Luchador,That Mexican OT,rap,album,2023
844,Sommergewitter,Pashanim,rap,album,2021
845,–û—Å—Ç–æ—Ä–æ–∂–Ω–æ –û–∫—Ä–∞—à–µ–Ω–æ,Kaspiyskiy Gruz,rap,album,2023
846,–Æ–ú–û–†–ò–°–¢ (Original Motion Picture Soundtrack),FACE,rap,album,2019
847,Spleen,Djadja & Dinaz,rap,album,2021
848,Âç±Èô©Ê¥æÂØπ,Yitai Wang,rap,album,2021
849,D√©tail,Koba LaD,rap,album,2020
850,Anarchy,Lil Tracy,rap,album,2019
851,333,Matu√™,rap,album,2024
852,En esprit,Heuss L'enfoir√©,rap,album,2019
853,A Great Chaos,Ken Carson,rap,album,2023
854,Nunca Creyeron,Wilmer Roberts,rap,album,2021
855,Karmageddon,kizaru,rap,album,2019
856,La faille,Jul,rap,album,2023
857,Ghetto Fabulous,Rich Amiri,rap,album,2023
858,Blood Shore Season 3,Xavier Wulf,rap,album,2022
859,Dans La Chambre / Money,L2B,rap,album,2023
860,Airwaves,Pashanim,rap,album,2020
861,"94 bois, Vol. 2",L2B,rap,album,2022
862,2069',PLK,rap,album,2023
863,JVLIVS II,SCH,rap,album,2021
864,L‚ÄôAmour,Disiz,rap,album,2022
865,L'ULTIMA POESIA (feat. Ultimo),Geolier,rap,album,2024
866,ULTRA,Booba,rap,album,2021
867,–ù–∞ –∑–∞—Ä–µ,Basta,rap,album,2019
868,M√°quina do Tempo,Matu√™,rap,album,2020
869,MELANCHOLIA 999,Green Montana,rap,album,2021
870,Cum Am »òtiut,Killa Fonic,rap,album,2022
871,Plus Comme Avant (R√©edition),L2B,rap,album,2023
872,PTSD,Rod Wave,rap,album,2019
873,Vakantie,Dopebwoy,rap,album,2020
874,Uniconfication,Capper,rap,album,2023
875,Look Back at It (feat. CAPO PLAZA),A Boogie Wit da Hoodie,rap,album,2019
876,Almost Healed,Lil Durk,rap,album,2023
877,Tout y est,OBOY,rap,album,2024
878,TUTTA VITA,Olly,rap,album,2024
879,Re Mida (Aurum),Lazza,rap,album,2019
880,L‚ÄôAmour,Disiz,rap,album,2022
881,Faut pas,PLK,rap,album,2024
882,Killed The Cowboy,Jelly Roll,rap,album,2023
883,Potere,Luch√®,rap,album,2019
884,Re Mida,Lazza,rap,album,2019
885,Io Sono,Olly,rap,album,2020
886,KMT,Gazo,rap,album,2022
887,My love (feat. Tayc),Josman,rap,album,2021
888,333,Matu√™,rap,album,2024
889,333,Matu√™,rap,album,2024
890,D√©tail,Koba LaD,rap,album,2020
891,SO COMAN,Kalash,rap,album,2024
892,Tristesse Business : Saison 1,Luidji,rap,album,2019
893,Il Mondo Gira,Olly,rap,album,2022
894,DIO LO SA,Geolier,rap,album,2024
895,Nostalgia,Rod Wave,rap,album,2023
896,Fructul interzis,Cabron,rap,album,2022
897,Burgis,Flow G,rap,album,2024
898,QALF infinity,Damso,rap,album,2023
899,Baby Point,Black Jonas Point,rap,album,2019
900,333,Matu√™,rap,album,2024
901,D√©tail,Koba LaD,rap,album,2020
902,SO COMAN,Kalash,rap,album,2024
903,Tristesse Business : Saison 1,Luidji,rap,album,2019
904,Il Mondo Gira,Olly,rap,album,2022
905,DIO LO SA,Geolier,rap,album,2024
906,Nostalgia,Rod Wave,rap,album,2023
907,Fructul interzis,Cabron,rap,album,2022
908,Burgis,Flow G,rap,album,2024
909,QALF infinity,Damso,rap,album,2023
910,Baby Point,Black Jonas Point,rap,album,2019
911,Dolce Camara,Booba,rap,album,2024
912,100 visages,Leto,rap,album,2020
913,Avec le temps,Soso Maness,rap,album,2021
914,TRAP$TAR 2,Leto,rap,album,2019
915,Babaero,gins&melodies,rap,album,2024
916,"NO L√àCHE üö´üëÖ (feat. Fav√©, Kerchak & Leto)",Gazo,rap,album,2023
917,IVL,MACAN,rap,album,2023
918,AA LANGUAGE,Aarne,rap,album,2022
919,BRAVE,Landy,rap,album,2023
920,DRILL FR,Gazo,rap,album,2021
921,I AM,MACAN,rap,album,2024
922,Mental,PLK,rap,album,2019
923,4 Juin 2022,Jul,rap,album,2022
924,"NOI, LORO, GLI ALTRI",Marracash,rap,album,2021
925,Sale m√¥me,Niro,rap,album,2020
926,Persona,Marracash,rap,album,2019
927,Best Life,Naps,rap,album,2021
928,boy for the weekend,marc indigo,rap,album,2023
929,I AM,MACAN,rap,album,2024
930,LA VIE EST BELLE,Gambi,rap,album,2020
931,GOD DID,DJ Khaled,rap,album,2022
932,Enna Boost,PLK,rap,album,2021
933,SLIME,FACE,rap,album,2019
934,Cicatrices,Zola,rap,album,2019
935,On se r√©gale,Jul,rap,album,2019
936,"NOI, LORO, GLI ALTRI",Marracash,rap,album,2021
937,Broadway Girls (feat. Morgan Wallen),Lil Durk,rap,album,2021
938,SoulFly,Rod Wave,rap,album,2021
939,Les √©toiles vagabondes : expansion,Nekfeu,rap,album,2019
940,La Divina Commedia (Deluxe),Tedua,rap,album,2024
941,TUTTA VITA,Olly,rap,album,2024
942,Hauseingang,Pashanim,rap,album,2019
943,LIBERATO,LIBERATO,rap,album,2019
944,Buster Keaton,MiyaGi,rap,album,2019
945,SLIME,FACE,rap,album,2019
946,La Divina Commedia,Tedua,rap,album,2023
947,17%,Leto,rap,album,2021
948,"NOI, LORO, GLI ALTRI",Marracash,rap,album,2021
949,Mercedes,Fav√©,rap,album,2022
950,Nu Mi-E FricƒÉ,Ombladon,rap,album,2019
951,Les √©toiles vagabondes : expansion,Nekfeu,rap,album,2019
952,When It's Dark Out (Deluxe Edition),G-Eazy,rap,album,2020
953,BAILE,FBC,rap,album,2021
954,IM NOT GOD BUT I WISH I WAS (feat. Joeyy),smokedope2016,rap,album,2022
955,Or Noir Part 3,Kaaris,rap,album,2019
956,M.A.N (Black Roses & Lost Feelings),Josman,rap,album,2022
957,93% [Tijuana],GLK,rap,album,2019
958,J,Lazza,rap,album,2020
959,SIRIO,Lazza,rap,album,2022
960,SUR LE CHEMIN (Phase finale),UZI,rap,album,2024
961,En Passant P√©cho (Bande originale inspir√©e du film),Kore,rap,album,2021
962,ORO BLU,Bresh,rap,album,2022
963,Conex√µes de M√°fia (feat. Rich The Kid),Matu√™,rap,album,2023
964,AA LANGUAGE 2,Aarne,rap,album,2023
965,ORO BLU,Bresh,rap,album,2022
966,LIBERATO II,LIBERATO,rap,album,2022
967,Freestyle 5min #8,Zkr,rap,album,2020
968,Tristesse Business : Saison 1,Luidji,rap,album,2019
969,Touch√© Coul√©,L2B,rap,album,2024
970,QALF infinity,Damso,rap,album,2023
971,1PLIKTOI (Vol. 2),1PLIK√â140,rap,album,2020
972,IL LE FALLAIT,Fav√©,rap,album,2023
973,–î–æ—á–∞,Jah Khalib,rap,album,2022
974,Emanuele,Geolier,rap,album,2019
975,"NOI, LORO, GLI ALTRI",Marracash,rap,album,2021
976,SIRIO,Lazza,rap,album,2022
977,DRILL FR,Gazo,rap,album,2021
978,AA LANGUAGE 2,Aarne,rap,album,2023
979,Nostalgia,Rod Wave,rap,album,2023
980,Hotel Caro,Baco Exu do Blues,rap,album,2022
981,Rooftop,SCH,rap,album,2019
982,Bar-Mitzvah,Heuss L'enfoir√©,rap,album,2022
983,–†–∞—Å—Å—Ç–æ—è–Ω–∏–µ,Ulukmanapo,rap,album,2022
984,Spleen,Djadja & Dinaz,rap,album,2021
985,333,Matu√™,rap,album,2024
986,SLIME,FACE,rap,album,2019
987,Coeur ab√Æm√©,UZI,rap,album,2021
988,La Divina Commedia,Tedua,rap,album,2023
989,Vem C√°,Altamira,rap,album,2019
990,DINASTIA,Cosang,rap,album,2024
991,NG,CHANMINA,rap,album,2024
992,Um Pedido,Hungria,rap,album,2019
993,–ö–∏–Ω–æ,MACAN,rap,album,2020
994,Marikit Sa Dilim,Juan Caoile,rap,album,2024
995,Ëø∑ÂÆÆ,step.jad,rap,album,2023
996,"Mode Op√©ratoire, vol. 1",Zkr,rap,album,2024
997,La machine,Jul,rap,album,2020
998,Rapstar,Flow G,rap,album,2023
999,333,Matu√™,rap,album,2024
