,name_album,name_artist,genre,type,year
0,Nuclear,Leiva,rock,album,2019
1,COWBOYS DE LA A3,Arde Bogotá,rock,album,2023
2,El Amor De La Clase Que Sea,Viva Suecia,rock,album,2022
3,Sin Vergüenza,Arde Bogotá,rock,album,2022
4,1000 Primeras Veces,MARLENA,rock,album,2023
5,Que nada nos pare (lo más importante),ELYELLA,rock,album,2022
6,Fruit del Deliri,Oques Grasses,rock,album,2024
7,El Amor De La Clase Que Sea,Viva Suecia,rock,album,2022
8,La Torre Picasso,Arde Bogotá,rock,album,2024
9,The Sound of Silence (CYRIL Remix),Disturbed,rock,album,2024
10,En Tus Planes,David Bisbal,rock,album,2020
11,COWBOYS DE LA A3,Arde Bogotá,rock,album,2023
12,El Amor De La Clase Que Sea,Viva Suecia,rock,album,2022
13,A Tope amb la Vida,Oques Grasses,rock,album,2021
14,COWBOYS DE LA A3,Arde Bogotá,rock,album,2023
15,Antiaéreo,Arde Bogotá,rock,album,2020
16,Gitana,MARLENA,rock,album,2021
17,LA NOCHE,Arde Bogotá,rock,album,2021
18,En Tus Planes,David Bisbal,rock,album,2020
19,El Amor De La Clase Que Sea,Viva Suecia,rock,album,2022
20,El miedo y el paraíso,Mikel Izal,rock,album,2023
21,entre cuatro paredes y una verdad,MARLENA,rock,album,2024
22,Unreal Unearth: Unaired,Hozier,rock,album,2024
23,A Tope amb la Vida,Oques Grasses,rock,album,2021
24,Nuclear,Leiva,rock,album,2019
25,Cold Heart (PNAU Remix),Elton John,rock,album,2021
26,El Amor De La Clase Que Sea (Edición Especial),Viva Suecia,rock,album,2023
27,El Milagro,Viva Suecia,rock,album,2019
28,COWBOYS DE LA A3,Arde Bogotá,rock,album,2023
29,entre cuatro paredes y una verdad,MARLENA,rock,album,2024
30,20 Aniversario,Pignoise,rock,album,2024
31,1000 Primeras Veces,MARLENA,rock,album,2023
32,The Lockdown Sessions,Elton John,rock,album,2021
33,El Tiempo y la Actitud,Arde Bogotá,rock,album,2020
34,El miedo y el paraíso,Mikel Izal,rock,album,2023
35,Tragas o Escupes,Jarabe De Palo,rock,album,2020
36,La buena suerte,Shinova,rock,album,2021
37,El Amor De La Clase Que Sea (Edición Especial),Viva Suecia,rock,album,2023
38,The Reason (20th Anniversary),Hoobastank,rock,album,2024
39,Fruit del Deliri,Oques Grasses,rock,album,2024
40,Sashimi,Leiva,rock,album,2023
41,La buena suerte,Shinova,rock,album,2021
42,Conticinio,Guitarricadelafuente,rock,album,2020
43,El Danzar De Las Mariposas,El Barrio,rock,album,2019
44,Teatro d'ira - Vol. I,Måneskin,rock,album,2021
45,Fans del Sol,Oques Grasses,rock,album,2019
46,Dreamland,Glass Animals,rock,album,2020
47,Mercury - Acts 1 & 2,Imagine Dragons,rock,album,2022
48,Metallica (Remastered Deluxe Box Set),Metallica,rock,album,2021
49,Fruit del Deliri,Oques Grasses,rock,album,2024
50,Metallica (Remastered Deluxe Box Set),Metallica,rock,album,2021
51,entre cuatro paredes y una verdad,MARLENA,rock,album,2024
52,La Orilla,Viva Suecia,rock,album,2024
53,Por eso te canto (feat. Erpeche),Maki,rock,album,2024
54,El miedo y el paraíso,Mikel Izal,rock,album,2023
55,Mercury - Acts 1 & 2,Imagine Dragons,rock,album,2022
56,LA NOCHE,Arde Bogotá,rock,album,2021
57,"I Ain’t Worried (Music From The Motion Picture ""Top Gun: Maverick"")",OneRepublic,rock,album,2022
58,LA NOCHE,Arde Bogotá,rock,album,2021
59,Nadie Nos Va A Extrañar (Banda Sonora De La Serie Original De Prime),Julieta Venegas,rock,album,2024
60,El Último Día de Nuestras Vidas,Dani Martín,rock,album,2024
61,Si Tú La Quieres,David Bisbal,rock,album,2020
62,El Milagro,Viva Suecia,rock,album,2019
63,El Bien,Viva Suecia,rock,album,2022
64,Fans del Sol,Oques Grasses,rock,album,2019
65,El Danzar De Las Mariposas,El Barrio,rock,album,2019
66,The Emptiness Machine,Linkin Park,rock,album,2024
67,Abc,Guitarricadelafuente,rock,album,2019
68,Con Todos Mis Respetos,Miguel Campello,rock,album,2021
69,El paraíso,Mikel Izal,rock,album,2023
70,El arte de perder,Veintiuno,rock,album,2023
71,COWBOYS DE LA A3,Arde Bogotá,rock,album,2023
72,Me Siento Vivo,David Bisbal,rock,album,2023
73,Agua y Mezcal,Guitarricadelafuente,rock,album,2019
74,te vas a inventar,MARLENA,rock,album,2024
75,Likes y Cicatrices,Melendi,rock,album,2021
76,Viaje Sin Vuelta,Paula Mattheus,rock,album,2021
77,Para toda la vida,Miss Caffeina,rock,album,2023
78,Flamenkito Puroh,Fondo Flamenco,rock,album,2023
79,He sido,Vanesa Martín,rock,album,2023
80,Nuclear,Leiva,rock,album,2019
81,El Tiempo y la Actitud,Arde Bogotá,rock,album,2020
82,Fruit del Deliri,Oques Grasses,rock,album,2024
83,X: Incondicional Trilogía Parte III,Maki,rock,album,2021
84,Fans del Sol,Oques Grasses,rock,album,2019
85,Artificial Paradise (Deluxe),OneRepublic,rock,album,2024
86,1000 Primeras Veces,MARLENA,rock,album,2023
87,Fruit del Deliri,Oques Grasses,rock,album,2024
88,"Si no es contigo (feat. Rafa Val, Viva Suecia)",Shinova,rock,album,2023
89,20 Años Sin Noticias,Melendi,rock,album,2023
90,Nuclear,Leiva,rock,album,2019
91,Alegría De Vivir,Viva Suecia,rock,album,2024
92,entre cuatro paredes y una verdad,MARLENA,rock,album,2024
93,Cada vez cadáver,Fito y Fitipaldis,rock,album,2021
94,Fans del Sol,Oques Grasses,rock,album,2019
95,El Amor De La Clase Que Sea,Viva Suecia,rock,album,2022
96,DORIAN en el Liceu de Barcelona: Una noche en la vida (En directo),Dorian,rock,album,2023
97,Arcane League of Legends: Season 2 (Soundtrack from the Animated Series),Arcane,rock,album,2024
98,Només viure,Ginestà,rock,album,2024
99,20 Años Sin Noticias,Melendi,rock,album,2023
100,The New Abnormal,The Strokes,rock,album,2020
101,Me Sabe Mal,MARLENA,rock,album,2021
102,Rayando El Sol (feat. Pablo Alborán),Maná,rock,album,2019
103,The Slow Rush,Tame Impala,rock,album,2020
104,Seven Inches of Satanic Panic,Ghost,rock,album,2019
105,Teatro d'ira - Vol. I,Måneskin,rock,album,2021
106,Enemy (with JID) [from the series Arcane League of Legends],Imagine Dragons,rock,album,2021
107,¿Quién trae las cornetas?,Rawayana,rock,album,2023
108,Bones,Imagine Dragons,rock,album,2022
109,Clancy,Twenty One Pilots,rock,album,2024
110,RUSH!,Måneskin,rock,album,2023
111,Teatro d'ira - Vol. I,Måneskin,rock,album,2021
112,LOOM,Imagine Dragons,rock,album,2024
113,"Violator | The 12"" Singles",Depeche Mode,rock,album,2022
114,Unheard,Hozier,rock,album,2024
115,Rammstein,Rammstein,rock,album,2019
116,Heavy Is the Crown,Linkin Park,rock,album,2024
117,Mercury - Acts 1 & 2,Imagine Dragons,rock,album,2022
118,RUSH!,Måneskin,rock,album,2023
119,The Miracle (Collector's Edition),Queen,rock,album,2022
120,Clancy,Twenty One Pilots,rock,album,2024
121,Hold Me Closer,Elton John,rock,album,2022
122,Never Boring,Freddie Mercury,rock,album,2019
123,¿Quién trae las cornetas?,Rawayana,rock,album,2023
124,Human (Deluxe),OneRepublic,rock,album,2021
125,Metallica (Remastered 2021),Metallica,rock,album,2021
126,RUSH!,Måneskin,rock,album,2023
127,20 Años Contigo,David Bisbal,rock,album,2021
128,LOOM,Imagine Dragons,rock,album,2024
129,¿Quién trae las cornetas?,Rawayana,rock,album,2023
130,A Donde Va El Viento (Canción de la Serie Original de Prime),Julieta Venegas,rock,album,2024
131,The Beatles 1967 – 1970 (2023 Edition),The Beatles,rock,album,2023
132,¿Quién trae las cornetas?,Rawayana,rock,album,2023
133,Clancy,Twenty One Pilots,rock,album,2024
134,House of Pain (Fine Malt Lyrics) [30 Years] [Deluxe Edition],House Of Pain,rock,album,2022
135,Disney Summer Songs,Phil Collins,rock,album,2021
136,Brothers (Deluxe Remastered Anniversary Edition),The Black Keys,rock,album,2020
137,Enemy (from the series Arcane League of Legends),Imagine Dragons,rock,album,2021
138,Fuzzybrain,Dayglow,rock,album,2019
139,Clancy,Twenty One Pilots,rock,album,2024
140,Mercury - Acts 1 & 2,Imagine Dragons,rock,album,2022
141,Being Funny In A Foreign Language,The 1975,rock,album,2022
142,Oysters In My Pocket,Royel Otis,rock,album,2022
143,Artificial Paradise (Deluxe),OneRepublic,rock,album,2024
144,The New Abnormal,The Strokes,rock,album,2020
145,Clancy,Twenty One Pilots,rock,album,2024
146,Cracker Island,Gorillaz,rock,album,2023
147,Inside (Deluxe),Mother Mother,rock,album,2022
148,LOOM,Imagine Dragons,rock,album,2024
149,How Can You Mend A Broken Heart,Bee Gees,rock,album,2020
150,Blizzard Of Ozz (40th Anniversary Expanded Edition),Ozzy Osbourne,rock,album,2020
151,Arcane League of Legends: Season 2 (Soundtrack from the Animated Series),Arcane,rock,album,2024
152,Clancy,Twenty One Pilots,rock,album,2024
153,Building The Perfect Beast (Remastered 2024),Don Henley,rock,album,2024
154,Clancy,Twenty One Pilots,rock,album,2024
155,Sunshine,OneRepublic,rock,album,2021
156,Kaikai Kitan / Ao No Waltz,Eve,rock,album,2020
157,Metallica (Remastered Deluxe Box Set),Metallica,rock,album,2021
158,We Are The People (southstar Remix),Empire Of The Sun,rock,album,2023
159,LEO-NiNE,LiSA,rock,album,2020
160,The Lockdown Sessions,Elton John,rock,album,2021
161,RUSH!,Måneskin,rock,album,2023
162,POST HUMAN: SURVIVAL HORROR,Bring Me The Horizon,rock,album,2020
163,Scaled And Icy,Twenty One Pilots,rock,album,2021
164,RUSH!,Måneskin,rock,album,2023
165,THE LONELIEST,Måneskin,rock,album,2022
166,RATATATA,BABYMETAL,rock,album,2024
167,GOSSIP (feat. Tom Morello),Måneskin,rock,album,2023
168,Money For Nothing (Remastered 2022),Dire Straits,rock,album,2022
169,Hits'n'Flips,Procol Harum,rock,album,2019
170,Clancy,Twenty One Pilots,rock,album,2024
171,Run,OneRepublic,rock,album,2021
172,RUSH!,Måneskin,rock,album,2023
173,LOOM,Imagine Dragons,rock,album,2024
174,Te Lloré Un Río,Maná,rock,album,2022
175,Cracker Island,Gorillaz,rock,album,2023
176,Clancy,Twenty One Pilots,rock,album,2024
177,Good Morning Music: Wake Up Workout,Yeah Yeah Yeahs,rock,album,2019
178,LOOM,Imagine Dragons,rock,album,2024
179,SUPERMODEL,Måneskin,rock,album,2022
180,Abyss (from Kaiju No. 8),YUNGBLUD,rock,album,2024
181,Overcompensate,Twenty One Pilots,rock,album,2024
182,Scaled And Icy,Twenty One Pilots,rock,album,2021
183,Mercury - Acts 1 & 2,Imagine Dragons,rock,album,2022
184,Rammstein,Rammstein,rock,album,2019
185,We Are Not Your Kind,Slipknot,rock,album,2019
186,RUSH! (ARE U COMING?),Måneskin,rock,album,2023
187,Arcane League of Legends (Soundtrack from the Animated Series),Sting,rock,album,2021
188,The New Abnormal,The Strokes,rock,album,2020
189,RUSH! (ARE U COMING?),Måneskin,rock,album,2023
190,Chip Chrome & The Mono-Tones,The Neighbourhood,rock,album,2020
191,Brothers (Deluxe Remastered Anniversary Edition),The Black Keys,rock,album,2020
192,Linger / Heading For The Door (Sirius XM Session),Royel Otis,rock,album,2024
193,I Was Made For Lovin' You (from The Fall Guy),YUNGBLUD,rock,album,2024
194,14 minutes,Dominic Fike,rock,album,2024
195,POST HUMAN: NeX GEn,Bring Me The Horizon,rock,album,2024
196,RUSH! (ARE U COMING?),Måneskin,rock,album,2023
197,The Slow Rush,Tame Impala,rock,album,2020
198,Romance,Fontaines D.C.,rock,album,2024
199,"Wasteland, Baby!",Hozier,rock,album,2019
200,RUSH! (ARE U COMING?),Måneskin,rock,album,2023
201,The Slow Rush,Tame Impala,rock,album,2020
202,Romance,Fontaines D.C.,rock,album,2024
203,LOOM,Imagine Dragons,rock,album,2024
204,"Wasteland, Baby!",Hozier,rock,album,2019
205,Rammstein,Rammstein,rock,album,2019
206,Otras Canciones,No Te Va Gustar,rock,album,2019
207,FUTURE PAST,Duran Duran,rock,album,2021
208,Human (Deluxe),OneRepublic,rock,album,2021
209,Obras Cumbres,Los Fabulosos Cadillacs,rock,album,2021
210,HONEY (ARE U COMING?),Måneskin,rock,album,2023
211,Lost,Linkin Park,rock,album,2023
212,The Slow Rush,Tame Impala,rock,album,2020
213,Suzume (Motion Picture Soundtrack),RADWIMPS,rock,album,2022
214,Clancy,Twenty One Pilots,rock,album,2024
215,III,The Lumineers,rock,album,2019
216,Cool It Down,Yeah Yeah Yeahs,rock,album,2022
217,¿Quién trae las cornetas?,Rawayana,rock,album,2023
218,Missing Piece,Vance Joy,rock,album,2021
219,Teatro d'ira - Vol. I,Måneskin,rock,album,2021
220,Teatro d'ira - Vol. I,Måneskin,rock,album,2021
221,RUSH!,Måneskin,rock,album,2023
222,絆ノ奇跡,MAN WITH A MISSION,rock,album,2023
223,"Wasteland, Baby!",Hozier,rock,album,2019
224,"Wasteland, Baby!",Hozier,rock,album,2019
225,Nobody (from Kaiju No. 8),OneRepublic,rock,album,2024
226,The Super Mario Bros. Movie (Original Motion Picture Soundtrack),Jack Black,rock,album,2023
227,"Cyberpunk 2077: Radio, Vol. 2 (Original Soundtrack)",RAT BOY,rock,album,2020
228,Sofa Kings,Royel Otis,rock,album,2023
229,Rescue Me,OneRepublic,rock,album,2019
230,Carry On,The Score,rock,album,2020
231,PUNK TACTICS,Joey Valence & Brae,rock,album,2023
232,We Are Not Your Kind,Slipknot,rock,album,2019
233,RUSH!,Måneskin,rock,album,2023
234,インフェルノ,Mrs. GREEN APPLE,rock,album,2019
235,Otras Canciones,No Te Va Gustar,rock,album,2019
236,How Can You Mend A Broken Heart,Bee Gees,rock,album,2020
237,POST HUMAN: NeX GEn,Bring Me The Horizon,rock,album,2024
238,Meteora 20th Anniversary Edition,Linkin Park,rock,album,2023
239,Murder on the Dancefloor (triple j Like A Version),Royel Otis,rock,album,2024
240,Attitude,Mrs. GREEN APPLE,rock,album,2019
241,Te quiero,Hombres G,rock,album,2024
242,The Slow Rush,Tame Impala,rock,album,2020
243,More Than A Woman (SG's Paradise Edit),Bee Gees,rock,album,2021
244,The New Abnormal,The Strokes,rock,album,2020
245,Romance,Fontaines D.C.,rock,album,2024
246,The Best Of Everything - The Definitive Career Spanning Hits Collection 1976-2016,Tom Petty,rock,album,2019
247,Metallica (Remastered 2021),Metallica,rock,album,2021
248,Vampire Empire,Big Thief,rock,album,2023
249,Incomprendido,Rawayana,rock,album,2023
250,NAFTA II,NAFTA,rock,album,2023
251,RUNAWAY,OneRepublic,rock,album,2023
252,Hotel Miranda!,Miranda!,rock,album,2023
253,Meteora 20th Anniversary Edition,Linkin Park,rock,album,2023
254,残響散歌,Aimer,rock,album,2021
255,Zeit,Rammstein,rock,album,2022
256,Rammstein,Rammstein,rock,album,2019
257,CAMINAAANDO,Rawayana,rock,album,2022
258,weird!,YUNGBLUD,rock,album,2020
259,Unreal Unearth,Hozier,rock,album,2023
260,Mercury - Acts 1 & 2,Imagine Dragons,rock,album,2022
261,Romance,Fontaines D.C.,rock,album,2024
262,Origen Y Esencia,Jesús Adrián Romero,rock,album,2019
263,POST HUMAN: NeX GEn,Bring Me The Horizon,rock,album,2024
264,Zeit,Rammstein,rock,album,2022
265,Sofa Kings,Royel Otis,rock,album,2023
266,QUEREME,LOUTA,rock,album,2022
267,The New Abnormal,The Strokes,rock,album,2020
268,Pasos Al Costado,Turf,rock,album,2024
269,Zeit,Rammstein,rock,album,2022
270,La Declaración,El Zar,rock,album,2020
271,Make You Mine,PUBLIC,rock,album,2019
272,Children of the Sky (a Starfield song),Imagine Dragons,rock,album,2023
273,She's A Rainbow / Dandelion / We Love You,The Rolling Stones,rock,album,2020
274,Tu Reino Está Aquí,Generación 12,rock,album,2022
275,Living In A Haze,Milky Chance,rock,album,2023
276,Hotel Miranda!,Miranda!,rock,album,2023
277,Mercury - Acts 1 & 2,Imagine Dragons,rock,album,2022
278,¿Quién trae las cornetas?,Rawayana,rock,album,2023
279,"Wasteland, Baby!",Hozier,rock,album,2019
280,Fallen Star,The Neighbourhood,rock,album,2021
281,Let The Bad Times Roll (Deluxe Edition),The Offspring,rock,album,2021
282,Smile,Skindred,rock,album,2023
283,Imagination,Foster The People,rock,album,2019
284,Servant Of The Mind (Deluxe),Volbeat,rock,album,2021
285,Sana Nuestra Nación,Generación 12,rock,album,2021
286,Caney,Rawayana,rock,album,2021
287,POST HUMAN: SURVIVAL HORROR,Bring Me The Horizon,rock,album,2020
288,Memento Mori,Depeche Mode,rock,album,2023
289,POST HUMAN: NeX GEn,Bring Me The Horizon,rock,album,2024
290,M.,Anıl Emre Daldal,rock,album,2020
291,Frisbee,Caramelos De Cianuro,rock,album,2024
292,Eyes Closed,Imagine Dragons,rock,album,2024
293,Carta Para No Llorar,El Kuelgue,rock,album,2023
294,Fear Inoculum,TOOL,rock,album,2019
295,Trip Tape II,Milky Chance,rock,album,2022
296,Feriado,Rawayana,rock,album,2023
297,Nunca Lo Olvides,Airbag,rock,album,2023
298,Darkbloom,We Came As Romans,rock,album,2022
299,Evergreen (feat. Caamp),Richy Mitch & The Coal Miners,rock,album,2024
300,Evergreen (feat. Caamp),Richy Mitch & The Coal Miners,rock,album,2024
301,Ego Trip,Papa Roach,rock,album,2022
302,PUNK TACTICS,Joey Valence & Brae,rock,album,2023
303,Serú Girán (2021 Remasterizado),Serú Girán,rock,album,2021
304,Dragon New Warm Mountain I Believe In You,Big Thief,rock,album,2022
305,Q.E.D,BLUE ENCOUNT,rock,album,2020
306,Romance,Fontaines D.C.,rock,album,2024
307,Interstellar,Caramelos De Cianuro,rock,album,2024
308,Chip Chrome & The Mono-Tones (Deluxe),The Neighbourhood,rock,album,2020
309,NAFTA II,NAFTA,rock,album,2023
310,The Dream,alt-J,rock,album,2022
311,Interstellar,Caramelos De Cianuro,rock,album,2024
312,Otras Canciones,No Te Va Gustar,rock,album,2019
313,World on Fire,Stick Figure,rock,album,2019
314,Blame My Ex,The Beaches,rock,album,2023
315,Surface Sounds,KALEO,rock,album,2021
316,The Slow Rush,Tame Impala,rock,album,2020
317,NAFTA II,NAFTA,rock,album,2023
318,Game Over,Rawayana,rock,album,2024
319,Open α Door,Aimer,rock,album,2023
320,In Our Own Sweet Time,Vance Joy,rock,album,2022
321,Livin' My Best Life (Still),Dylan Scott,rock,album,2024
322,Cry Baby,OFFICIAL HIGE DANDISM,rock,album,2021
323,¿Quién trae las cornetas?,Rawayana,rock,album,2023
324,Unknown Song,Milky Chance,rock,album,2022
325,Unreal Unearth,Hozier,rock,album,2023
326,Seventeen Going Under (Deluxe),Sam Fender,rock,album,2021
327,I Love You So F***ing Much,Glass Animals,rock,album,2024
328,Hypersonic Missiles,Sam Fender,rock,album,2019
329,Dogrel,Fontaines D.C.,rock,album,2019
330,Zeit,Rammstein,rock,album,2022
331,RIO HOTEL,El Zar,rock,album,2022
332,Hora Loca,Rawayana,rock,album,2023
333,Zeit,Rammstein,rock,album,2022
334,"Anthems For A Seventeen Year-Old Girl (From ""I Saw the TV Glow"")",yeule,rock,album,2024
335,No Place Left to Leave (2006),Brent Cobb,rock,album,2020
336,Jubilee,Japanese Breakfast,rock,album,2021
337,Living In A Haze,Milky Chance,rock,album,2023
338,Nafta,NAFTA,rock,album,2019
339,Si Volviera A Nacer,Esteman,rock,album,2021
340,#Sádico,Rawayana,rock,album,2019
341,¿Quién trae las cornetas?,Rawayana,rock,album,2023
342,Pasilyo,SunKissed Lola,rock,album,2022
343,SIU,Maretu,rock,album,2019
344,"Wake Up, Sunshine",All Time Low,rock,album,2020
345,aishiteitanoni,Maretu,rock,album,2022
346,Dame Un Break,Rawayana,rock,album,2023
347,¿Quién trae las cornetas?,Rawayana,rock,album,2023
348,The Dark Delight,Dynazty,rock,album,2020
349,Romance,Fontaines D.C.,rock,album,2024
350,Rammstein,Rammstein,rock,album,2019
351,Miss Mujerzuela,Caramelos De Cianuro,rock,album,2024
352,Rammstein,Rammstein,rock,album,2019
353,Rupture 2 merde,Therapie TAXI,rock,album,2021
354,What Could Possibly Go Wrong,Dominic Fike,rock,album,2020
355,The New Abnormal,The Strokes,rock,album,2020
356,Sueño Cítrico,Silvestre y La Naranja,rock,album,2023
357,Luz,No Te Va Gustar,rock,album,2021
358,Same Blue,OFFICIAL HIGE DANDISM,rock,album,2024
359,夢幻,MY FIRST STORY,rock,album,2024
360,Fuzzybrain,Dayglow,rock,album,2019
361,Wrecked,Imagine Dragons,rock,album,2021
362,Al Parecer Todo Ha Sido una Trampa,Airbag,rock,album,2021
363,Loco Por Volverla a Ver,Las Pastillas del Abuelo,rock,album,2024
364,Sunburn,Dominic Fike,rock,album,2023
365,The Bastards,Palaye Royale,rock,album,2020
366,Estado de Enlace,El Plan De La Mariposa,rock,album,2020
367,The Battle at Garden’s Gate,Greta Van Fleet,rock,album,2021
368,NAFTA II,NAFTA,rock,album,2023
369,Trip Tape,Milky Chance,rock,album,2021
370,Cabildo y Juramento,Conociendo Rusia,rock,album,2019
371,Hola Precioso,El Kuelgue,rock,album,2023
372,Mate con amigos,Bersuit Vergarabat,rock,album,2020
373,Lo + tranquilo,Bersuit Vergarabat,rock,album,2020
374,The Singles - Volume 01,The Strokes,rock,album,2023
375,About A Woman,Thomas Rhett,rock,album,2024
376,more than words,Hitsujibungaku,rock,album,2023
377,¿Quién trae las cornetas?,Rawayana,rock,album,2023
378,The New Abnormal,The Strokes,rock,album,2020
379,Servant Of The Mind (Deluxe),Volbeat,rock,album,2021
380,Chip Chrome & The Mono-Tones,The Neighbourhood,rock,album,2020
381,2020,Las Pastillas del Abuelo,rock,album,2020
382,About A Woman,Thomas Rhett,rock,album,2024
383,Zeit,Rammstein,rock,album,2022
384,Editorial,OFFICIAL HIGE DANDISM,rock,album,2021
385,Abres Camino,Rojo,rock,album,2019
386,Esto Es un Avivamiento,Generación 12,rock,album,2020
387,Tarde o Temprano,El Zar,rock,album,2023
388,Origen Y Esencia,Jesús Adrián Romero,rock,album,2019
389,Dead Club City,Nothing But Thieves,rock,album,2023
390,NAFTA II,NAFTA,rock,album,2023
391,Luz,No Te Va Gustar,rock,album,2021
392,Monolith,Twin Tribes,rock,album,2023
393,You're So Impatient,Pixies,rock,album,2024
394,Romance,Fontaines D.C.,rock,album,2024
395,Eye of the Storm,ONE OK ROCK,rock,album,2019
396,Sand,Balthazar,rock,album,2021
397,Holy Forever (Español),Chris Tomlin,rock,album,2023
398,メフィスト,QUEEN BEE,rock,album,2023
399,Jueves,El Cuarteto De Nos,rock,album,2019
400,Romance,Fontaines D.C.,rock,album,2024
401,Get Rollin',Nickelback,rock,album,2022
402,La Ultima Noche Mágica En Vivo - Estadio River Plate,Tan Bionica,rock,album,2024
403,ANIM4LES,Silvestre y La Naranja,rock,album,2019
404,SUPERSTICIONES,Silvestre y La Naranja,rock,album,2021
405,Hypersonic Missiles,Sam Fender,rock,album,2019
406,SOUVENIR,BUMP OF CHICKEN,rock,album,2022
407,Country Stuff The Album,Walker Hayes,rock,album,2022
408,00:00,Siddhartha,rock,album,2022
409,Virao,Voz Veis,rock,album,2021
410,Make It Out Alive,ONE OK ROCK,rock,album,2023
411,Nafta,NAFTA,rock,album,2019
412,La Venenotza,Temple Sour,rock,album,2019
413,Pura Casualidad,El Zar,rock,album,2020
414,A la Vez,Conociendo Rusia,rock,album,2020
415,Jet Love,Conociendo Rusia,rock,album,2024
416,Cabildo y Juramento,Conociendo Rusia,rock,album,2019
417,Me Cansé,No Te Va Gustar,rock,album,2024
418,Romance,Fontaines D.C.,rock,album,2024
419,Cabildo y Juramento,Conociendo Rusia,rock,album,2019
420,Hola Precioso,El Kuelgue,rock,album,2023
421,kenopsia,quannnic,rock,album,2022
422,Perfecta (Versión 2023),Miranda!,rock,album,2023
423,Bang Bang Bang Bang 2021,Sohodolls,rock,album,2021
424,Favourite,Fontaines D.C.,rock,album,2024
425,Rammstein,Rammstein,rock,album,2019
426,オレンジ,SPYAIR,rock,album,2024
427,Vas,Voz Veis,rock,album,2021
428,After All The Bars Are Closed,Thomas Rhett,rock,album,2024
429,Nafta,NAFTA,rock,album,2019
430,Hotel Miranda!,Miranda!,rock,album,2023
431,00:00,Siddhartha,rock,album,2022
432,Romance,Fontaines D.C.,rock,album,2024
433,RIO HOTEL,El Zar,rock,album,2022
434,The Balance,Catfish and the Bottlemen,rock,album,2019
435,Hypersonic Missiles,Sam Fender,rock,album,2019
436,SUPERSTICIONES,Silvestre y La Naranja,rock,album,2021
437,Seventeen Going Under,Sam Fender,rock,album,2021
438,Cicatrices,Cruzando El Charco,rock,album,2022
439,Sonidos De Karmática Resonancia,Zoé,rock,album,2021
440,炎,LiSA,rock,album,2020
441,KNEECAP (ORIGINAL SOUNDTRACK),Fontaines D.C.,rock,album,2024
442,Romance,Fontaines D.C.,rock,album,2024
443,Nafta,NAFTA,rock,album,2019
444,Hotel Miranda!,Miranda!,rock,album,2023
445,Forever Rock,Twenty One Pilots,rock,album,2023
446,Stereotype,Cole Swindell,rock,album,2022
447,Livin' My Best Life,Dylan Scott,rock,album,2022
448,"Rewind, Replay, Rebound (Deluxe)",Volbeat,rock,album,2019
449,The Jaws Of Life,Pierce The Veil,rock,album,2023
450,Burning,Hitsujibungaku,rock,album,2024
451,Livin' My Best Life (Still),Dylan Scott,rock,album,2024
452,Lo Que Somos,Cruzando El Charco,rock,album,2019
453,Dogrel,Fontaines D.C.,rock,album,2019
454,Tudo Vai Dar Certo,Natiruts,rock,album,2020
455,Pura Casualidad,El Zar,rock,album,2020
456,Seventeen Going Under (Deluxe),Sam Fender,rock,album,2021
457,Otras Canciones,No Te Va Gustar,rock,album,2019
458,CORRENTADA,El Plan De La Mariposa,rock,album,2024
459,Lo Que Somos,Cruzando El Charco,rock,album,2019
460,Las Voces,El Zar,rock,album,2019
461,Country Again (Side A),Thomas Rhett,rock,album,2021
462,Tu Encanto,Conociendo Rusia,rock,album,2020
463,PITADA,Emmanuel Horvilleur,rock,album,2021
464,Jet Love,Conociendo Rusia,rock,album,2024
465,Greatest Hits,Guns N' Roses,rock,album,2020
466,Suzume (Motion Picture Soundtrack),RADWIMPS,rock,album,2022
467,Blue In The Sky,Dustin Lynch,rock,album,2022
468,14 Steps To A Better You,Lime Cordiale,rock,album,2020
469,Trinchera,Babasonicos,rock,album,2022
470,Cip!,Brunori Sas,rock,album,2020
471,ANIM4LES,Silvestre y La Naranja,rock,album,2019
472,Can't Say I Ain't Country,Florida Georgia Line,rock,album,2019
473,Estado de Enlace,El Plan De La Mariposa,rock,album,2020
474,Arruinarse (feat. Airbag) [En Vivo En River Plate],Tan Bionica,rock,album,2024
475,Attitude,Mrs. GREEN APPLE,rock,album,2019
476,Komet,Udo Lindenberg,rock,album,2023
477,834.194,sakanaction,rock,album,2019
478,Seventeen Going Under (Deluxe),Sam Fender,rock,album,2021
479,Friday Night Heartbreaker,Jon Pardi,rock,album,2024
480,14 Steps To A Better You,Lime Cordiale,rock,album,2020
481,Memory Lane,Old Dominion,rock,album,2023
482,Heartache Medication,Jon Pardi,rock,album,2019
483,Hotel Miranda!,Miranda!,rock,album,2023
484,LANDER,LiSA,rock,album,2022
485,834.194,sakanaction,rock,album,2019
486,Memory Lane,Old Dominion,rock,album,2023
487,Человеко-часы,Дайте танк (!),rock,album,2020
488,Weekend Friend,Goth Babe,rock,album,2019
489,Al Parecer Todo Ha Sido una Trampa,Airbag,rock,album,2021
490,Get Rollin',Nickelback,rock,album,2022
491,Death or Glory,Palaye Royale,rock,album,2024
492,Hey World,Lee Brice,rock,album,2020
493,12 hugs (like butterflies),Hitsujibungaku,rock,album,2023
494,Estado de Enlace,El Plan De La Mariposa,rock,album,2020
495,Outskirts,Sam Hunt,rock,album,2023
496,Al Parecer Todo Ha Sido una Trampa,Airbag,rock,album,2021
497,Where We Started,Thomas Rhett,rock,album,2022
498,Sunlight,Spacey Jane,rock,album,2020
499,Prayer in C (5th Anniversary Rework),Lilly Wood and The Prick,rock,album,2019
500,La Kaguama,Kchiporros,rock,album,2024
501,Trinchera,Babasonicos,rock,album,2022
502,MEMORIA FUTURO,Siddhartha,rock,album,2020
503,Cabildo y Juramento,Conociendo Rusia,rock,album,2019
504,Heroes Are Calling,Smash Into Pieces,rock,album,2024
505,Mamaw's House,Thomas Rhett,rock,album,2023
506,Otras Canciones,No Te Va Gustar,rock,album,2019
507,Mr. Saturday Night,Jon Pardi,rock,album,2022
508,2020,Las Pastillas del Abuelo,rock,album,2020
509,Rupture 2 merde,Therapie TAXI,rock,album,2021
510,MEMORIA FUTURO,Siddhartha,rock,album,2020
511,CORRENTADA,El Plan De La Mariposa,rock,album,2024
512,Cadavre exquis,Therapie TAXI,rock,album,2019
513,Diamantes,Siddhartha,rock,album,2024
514,Delusion:All,ONE OK ROCK,rock,album,2024
515,"Crazymad, For Me",CMAT,rock,album,2023
516,可愛くてごめん,HoneyWorks,rock,album,2022
517,My Hair Is A Little Bit On Fire,Letters to Lions,rock,album,2024
518,ANTENNA,Mrs. GREEN APPLE,rock,album,2023
519,CORRENTADA,El Plan De La Mariposa,rock,album,2024
520,Ama a Quien Llora por Ti,Las Pastillas del Abuelo,rock,album,2023
521,Center Point Road,Thomas Rhett,rock,album,2019
522,SOUTHSIDE,Sam Hunt,rock,album,2020
523,Al Parecer Todo Ha Sido una Trampa,Airbag,rock,album,2021
524,瞬く世界にｉを揺らせ,CHiCO with HoneyWorks,rock,album,2020
525,Llega llega llega,El Plan De La Mariposa,rock,album,2021
526,Roma,Cairokee,rock,album,2022
527,KARGO,Kraftklub,rock,album,2022
528,Whiskey Myers,Whiskey Myers,rock,album,2019
529,Encuentro con un Ángel Amateur (En Vivo),Indio Solari,rock,album,2021
530,Six Feet Under,Smash Into Pieces,rock,album,2023
531,Guerras (Un Viaje en el Tiempo),Ciro y los Persas,rock,album,2020
532,Caminos Bríos,Piti Fernández,rock,album,2022
533,アイラヴユー,SUPER BEAVER,rock,album,2021
534,If My Wife New I'd Be Dead (Deluxe),CMAT,rock,album,2022
535,Traveler,OFFICIAL HIGE DANDISM,rock,album,2019
536,What Are We Waiting For?,for KING & COUNTRY,rock,album,2022
537,Drunk (And I Don't Wanna Go Home),Elle King,rock,album,2021
538,El Gallo Rojo,Kchiporros,rock,album,2023
539,LEGEND,JANNABI,rock,album,2019
540,À TOUS LES BÂTARDS,Eddy de Pretto,rock,album,2021
541,Hey World,Lee Brice,rock,album,2020
542,Esencia,Cruzando El Charco,rock,album,2024
543,Amigos Con Derecho,Japiaguar,rock,album,2019
544,Make Believe,Over October,rock,album,2024
545,MACON,Jason Aldean,rock,album,2021
546,Born Here Live Here Die Here,Luke Bryan,rock,album,2020
547,One Of Them Girls,Lee Brice,rock,album,2020
548,The Bonny,Gerry Cinnamon,rock,album,2020
549,Blue In The Sky,Dustin Lynch,rock,album,2022
550,Colorado,Milky Chance,rock,album,2021
551,Por Qué,Cruzando El Charco,rock,album,2024
552,Cicatrices,Cruzando El Charco,rock,album,2022
553,Al Parecer Todo Ha Sido una Trampa,Airbag,rock,album,2021
554,Forever To Me,Cole Swindell,rock,album,2024
555,Center Point Road,Thomas Rhett,rock,album,2019
556,Той день,Okean Elzy,rock,album,2024
557,14 Steps To A Better You,Lime Cordiale,rock,album,2020
558,Hasta Arriba,Kchiporros,rock,album,2021
559,Holy Forever,Chris Tomlin,rock,album,2022
560,Al Parecer Todo Ha Sido una Trampa,Airbag,rock,album,2021
561,The Bonny,Gerry Cinnamon,rock,album,2020
562,Sres. Papis,Rio,rock,album,2019
563,The Mary Wallopers,The Mary Wallopers,rock,album,2022
564,再会 (produced by Ayase),LiSA,rock,album,2020
565,For You,Parmalee,rock,album,2021
566,Fear No More,The Afters,rock,album,2019
567,00:00,Siddhartha,rock,album,2022
568,Amiga,Macha Y El Bloque Depresivo,rock,album,2024
569,Penny Rain,Aimer,rock,album,2019
570,Roma,Cairokee,rock,album,2022
571,Sesiones la Habana,Macha Y El Bloque Depresivo,rock,album,2022
572,20 Number Ones (Bonus Version),Thomas Rhett,rock,album,2023
573,2020,Las Pastillas del Abuelo,rock,album,2020
574,LEGEND,JANNABI,rock,album,2019
575,Lonely Diamond,Ocean Alley,rock,album,2020
576,Lo + tranquilo,Babasonicos,rock,album,2020
577,Hoe Het Danst,Marco Borsato,rock,album,2019
578,Único (Live),Fernandinho,rock,album,2023
579,Live at the Royal Albert Hall,Arctic Monkeys,rock,album,2020
580,ANTENNA,Mrs. GREEN APPLE,rock,album,2023
581,Cicatrices,Cruzando El Charco,rock,album,2022
582,花の塔,Sayuri,rock,album,2022
583,ANTENNA,Mrs. GREEN APPLE,rock,album,2023
584,Canım Senle Olmak İstiyor,Özdemir Erdoğan,rock,album,2022
585,Повільно,Adam,rock,album,2023
586,Love Songs (deluxe),Peter Fox,rock,album,2023
587,familie,Mrs. GREEN APPLE,rock,album,2024
588,Senso Comum,NAPA,rock,album,2019
589,Procuro Olvidarte / Pásalo Bien,Macha Y El Bloque Depresivo,rock,album,2020
590,VERSÕES VOL. 1: Fernandinho e Paula Santos (Acústico),Fernandinho,rock,album,2022
591,La Leña Que Prende Madera,Señor Loop,rock,album,2020
592,Believers Never Die - Greatest Hits (Volume Two),Fall Out Boy,rock,album,2019
593,The Blessing,Kari Jobe,rock,album,2020
594,FLY HIGH PROJECT #2 'Rooftop',N.Flying,rock,album,2019
595,Tá Chorando Por Quê?,Preto no Branco,rock,album,2020
596,Palais d'argile,Feu! Chatterton,rock,album,2021
597,La Más Bella,Afrodisiaco,rock,album,2022
598,Mr. Saturday Night,Jon Pardi,rock,album,2022
599,Greatest Hits,Guns N' Roses,rock,album,2020
600,Mr. Saturday Night,Jon Pardi,rock,album,2022
601,Greatest Hits,Guns N' Roses,rock,album,2020
602,Любила,Sasha Chemerov,rock,album,2021
603,Cicatrices,Cruzando El Charco,rock,album,2022
604,Neogazino,Madrigal,rock,album,2021
605,Que O Amor Te Salve Nesta Noite Escura (Ao Vivo),Pedro Abrunhosa,rock,album,2022
606,I Believe,Phil Wickham,rock,album,2023
607,Kül,Cem Adrian,rock,album,2021
608,1000 gecs and The Tree of Clues,100 gecs,rock,album,2020
609,第六感,Reol,rock,album,2020
610,Tarot,Jade Bolivia,rock,album,2021
611,Tangerine,Ocean Alley,rock,album,2024
612,4 Saal,Bayaan,rock,album,2019
613,If My Wife New I'd Be Dead (Deluxe),CMAT,rock,album,2022
614,"Saudade, Vol. 1",Thalles Roberto,rock,album,2020
615,Subida Infinita,Capitão Fausto,rock,album,2024
616,"SUB MACHINE, BEST MACHINE (Best Selected Edition)",UNISON SQUARE GARDEN,rock,album,2024
617,O2,Nochnye Snaipery,rock,album,2020
618,i_$uss,Leningrad,rock,album,2019
619,Uzunlar,Evdeki Saat,rock,album,2020
620,Lo Que Somos,Cruzando El Charco,rock,album,2019
621,Hayat Şaşırtır!,Aydilge,rock,album,2019
622,NAN CHUN,SE SO NEON,rock,album,2020
623,Born Here Live Here Die Here,Luke Bryan,rock,album,2020
624,"I Ciebie też, bardzo (feat. Daria Zawiałow, Dawid Podsiadło & Vito Bambino)",Męskie Granie Orkiestra,rock,album,2021
625,Best of Bish,Stephen Bishop,rock,album,2022
626,ユーモア,back number,rock,album,2023
627,CRASH CŒUR,Eddy de Pretto,rock,album,2023
628,Overdose D'Amore 2024,Zucchero,rock,album,2024
629,Roto,Cruzando El Charco,rock,album,2023
630,El Trato,Cruzando El Charco,rock,album,2020
631,Attitude,Mrs. GREEN APPLE,rock,album,2019
632,Qué es lo que pasa,Macha Y El Bloque Depresivo,rock,album,2023
633,UNISON SQUARE GARDEN The 1st Collection for streaming,UNISON SQUARE GARDEN,rock,album,2019
634,No Te Imaginas,No Te Va Gustar,rock,album,2021
635,Mind Of A Country Boy,Luke Bryan,rock,album,2024
636,Hymn of Heaven,Phil Wickham,rock,album,2021
637,Seni Dert Etmeler,Madrigal,rock,album,2020
638,Livin' My Best Life,Dylan Scott,rock,album,2022
639,Out Of Luck,Old Mervs,rock,album,2021
640,Roma,Cairokee,rock,album,2022
641,осень,конец солнечных дней,rock,album,2020
642,Estrada da Fé,Ministério Zoe,rock,album,2019
643,Місто весни,Okean Elzy,rock,album,2021
644,Sju,Takida,rock,album,2019
645,コロンブス,Mrs. GREEN APPLE,rock,album,2024
646,The Sound of Silence (CYRIL Remix),Disturbed,rock,album,2024
647,JANNABI's Small Pieces l,JANNABI,rock,album,2020
648,Heartache Medication,Jon Pardi,rock,album,2019
649,Nando Hits,Nando Reis,rock,album,2023
650,ダンスホール,Mrs. GREEN APPLE,rock,album,2022
651,"Aw, Shoot!",CMAT,rock,album,2024
652,Attitude,Mrs. GREEN APPLE,rock,album,2019
653,CRASH CŒUR,Eddy de Pretto,rock,album,2023
654,Светлая полоса,Noize MC,rock,album,2024
655,Ağlama ben ağlarım,Canozan,rock,album,2023
656,Один в каное,Odyn v Kanoe,rock,album,2021
657,X,MY FIRST STORY,rock,album,2022
658,Ikot,Over October,rock,album,2024
659,The Mary Wallopers,The Mary Wallopers,rock,album,2022
660,Heartache Medication,Jon Pardi,rock,album,2019
661,Babel Babel,Indochine,rock,album,2024
662,Zukunft Pink (feat. Inéz),Peter Fox,rock,album,2022
663,Editorial,OFFICIAL HIGE DANDISM,rock,album,2021
664,Это пройдёт,Pornofilmy,rock,album,2020
665,À TOUS LES BÂTARDS,Eddy de Pretto,rock,album,2021
666,第ゼロ感,10-FEET,rock,album,2022
667,Hey World,Lee Brice,rock,album,2020
668,Subida Infinita,Capitão Fausto,rock,album,2024
669,Al Parecer Todo Ha Sido una Trampa,Airbag,rock,album,2021
670,Les antipodes,Les Cowboys Fringants,rock,album,2019
671,Sesiones la Habana,Macha Y El Bloque Depresivo,rock,album,2022
672,Senso Comum,NAPA,rock,album,2019
673,Той день (OE30 edition),Okean Elzy,rock,album,2024
674,Al Parecer Todo Ha Sido una Trampa,Airbag,rock,album,2021
675,Оранжерея,Svyatoslav Vakarchuk,rock,album,2021
676,Único (Acústico),Fernandinho,rock,album,2024
677,Honk (Deluxe),The Rolling Stones,rock,album,2019
678,9,Jason Aldean,rock,album,2019
679,Sorte a Minha,Ganso,rock,album,2022
680,Traveler,OFFICIAL HIGE DANDISM,rock,album,2019
681,Afraid Of The Dark,Chef'Special,rock,album,2021
682,Love Songs (deluxe),Peter Fox,rock,album,2023
683,Multicolor,Son Mieux,rock,album,2022
684,KARGO,Kraftklub,rock,album,2022
685,Here Comes Everybody,Spacey Jane,rock,album,2022
686,Dookie (30th Anniversary Deluxe Edition),Green Day,rock,album,2023
687,Subida Infinita,Capitão Fausto,rock,album,2024
688,"Supermoce (feat. Igo, Mrozu & Vito Bambino)",Męskie Granie Orkiestra,rock,album,2023
689,Vernisaj,VUNK,rock,album,2022
690,But wait. Cats?,[Alexandros],rock,album,2022
691,Sju,Takida,rock,album,2019
692,The Mary Wallopers,The Mary Wallopers,rock,album,2022
693,#Без тебе мене нема,Okean Elzy,rock,album,2021
694,La vitesse,Izïa,rock,album,2022
695,ДИМ,БЕЗ ОБМЕЖЕНЬ,rock,album,2023
696,Tullahoma,Dustin Lynch,rock,album,2020
697,星が泳ぐ,Macaroni Empitsu,rock,album,2022
698,Highway Desperado,Jason Aldean,rock,album,2023
699,Assort,Novelbright,rock,album,2022
700,НАПРОЛОМ (Deluxe Version),SKAI,rock,album,2023
701,Low Altitude Living,Ocean Alley,rock,album,2022
702,Nos célébrations,Indochine,rock,album,2020
703,Nonadaptation,SE SO NEON,rock,album,2020
704,Dear,Mrs. GREEN APPLE,rock,album,2024
705,Live at Hampden Park,Gerry Cinnamon,rock,album,2023
706,Roma,Cairokee,rock,album,2022
707,Altüst Olmuşum,Mavi Gri,rock,album,2020
708,Roma,Cairokee,rock,album,2022
709,B.,Anıl Emre Daldal,rock,album,2023
710,Caminho no Deserto,Nívea Soares,rock,album,2020
711,Мільярди,БЕЗ ОБМЕЖЕНЬ,rock,album,2019
712,كايروكي من الاستوديو,Cairokee,rock,album,2020
713,Коли ми двоє,Okean Elzy,rock,album,2023
714,LEGEND,JANNABI,rock,album,2019
715,One Bad Day,Spacey Jane,rock,album,2024
716,KARGO,Kraftklub,rock,album,2022
717,Senso Comum,NAPA,rock,album,2019
718,Place I Call Home,Ziferblat,rock,album,2024
719,A Invenção do Dia Claro,Capitão Fausto,rock,album,2019
720,CIRCUS,Novelbright,rock,album,2024
721,Hello,Antytila,rock,album,2019
722,Único (Live),Fernandinho,rock,album,2023
723,Кабриолет,Leningrad,rock,album,2019
724,Той день,Okean Elzy,rock,album,2024
725,LOVE,SUDA MASAKI,rock,album,2019
726,Al Parecer Todo Ha Sido una Trampa,Airbag,rock,album,2021
727,Al Parecer Todo Ha Sido una Trampa,Airbag,rock,album,2021
728,Мадонна,Zhadan i Sobaky,rock,album,2019
729,Один в каное,Odyn v Kanoe,rock,album,2021
730,ひみつスタジオ,SPITZ,rock,album,2023
731,Karanlık,Dolu Kadehi Ters Tut,rock,album,2019
732,Time,Kensington,rock,album,2019
733,新しい恋人達に,back number,rock,album,2024
734,Запутай след,Пневмослон,rock,album,2021
735,Vol. 1,José Pinhal,rock,album,2022
736,Кохання до смерті,Sasha Chemerov,rock,album,2021
737,Вояджер-1,Noize MC,rock,album,2020
738,Sunlight,Spacey Jane,rock,album,2020
739,Logo Se Vê,NAPA,rock,album,2023
740,Night Light,The Rions,rock,album,2021
741,Sen Varsın Diye,Yüzyüzeyken Konuşuruz,rock,album,2021
742,Човен,Okean Elzy,rock,album,2019
743,Wild World,Kip Moore,rock,album,2020
744,Babel Babel,Indochine,rock,album,2024
745,MAGIC,back number,rock,album,2019
746,Único (Acústico),Fernandinho,rock,album,2024
747,ВДОМА,Antytila,rock,album,2024
748,Here Comes Everybody,Spacey Jane,rock,album,2022
749,ハッピーエンドへの期待は,Macaroni Empitsu,rock,album,2022
750,Once in a BLUE MOON,N.Flying,rock,album,2023
751,World on Fire,Stick Figure,rock,album,2019
752,Zij Is Van Mij,André Hazes Jr.,rock,album,2024
753,Маяк,The Hardkiss,rock,album,2022
754,If I have you only (My love X Nerd Connection),Nerd Connection,rock,album,2023
755,1+1=11,КОСМОНАВТОВ НЕТ,rock,album,2020
756,Фортеця Бахмут,Antytila,rock,album,2023
757,‎Good Night Good Dream,Nerd Connection,rock,album,2020
758,POWER ANDRE 99,Silica Gel,rock,album,2023
759,Beste Zangers 2020 (Miss Montreal),Miss Montreal,rock,album,2020
760,Вільні люди,БЕЗ ОБМЕЖЕНЬ,rock,album,2021
761,The Ugly Ducklings,Cairokee,rock,album,2019
762,Марічка,Patsyki Z Franeka,rock,album,2019
763,Маленький український реп альманах,VovaZiLvova,rock,album,2023
764,our hope,Hitsujibungaku,rock,album,2022
765,Undecided,RONDÉ,rock,album,2024
766,Konturen,Johannes Oerding,rock,album,2019
767,Le chant des cygnes,Indochine,rock,album,2024
768,Greatest Hits In Japan,Queen,rock,album,2020
769,"For Princesses, By Thieves (O Mga Awit ng Hiraya Para sa Guni-guning Sinta)",shirebound,rock,album,2019
770,Жиза,Созвездие Отрезок,rock,album,2022
771,Это пройдёт,Pornofilmy,rock,album,2020
772,Physical Medicine,The Rions,rock,album,2024
773,Краще,Fiolet,rock,album,2020
774,The Ghost of Freddie Cesar,Troy Kingi,rock,album,2020
775,Веди (original motion picture soundtrack носоріг),Zhadan i Sobaky,rock,album,2022
776,Roma,Cairokee,rock,album,2022
777,Sun Dance,Aimer,rock,album,2019
778,Серед зими,Adam,rock,album,2024
779,Камертон,Khrystyna Soloviy,rock,album,2024
780,Таємний код Рубікон Частина 1,Boombox,rock,album,2019
781,Babel Babel,Indochine,rock,album,2024
782,Человеко-часы,Дайте танк (!),rock,album,2020
783,Я твоя зброя,Khrystyna Soloviy,rock,album,2022
784,7Mm,Bezegol,rock,album,2019
785,Hello,Antytila,rock,album,2019
786,Воїни світла,Lyapis Trubetskoy,rock,album,2022
787,Жиза,Созвездие Отрезок,rock,album,2022
788,PAFINI,Jean-Louis Aubert,rock,album,2024
789,HİÇ,Ufuk Beydemir,rock,album,2021
790,Babel Babel,Indochine,rock,album,2024
791,Ронім,Adam,rock,album,2019
792,"Wolne duchy (feat. Daria Zawiałow, Mrozu & Kacperczyk)",Męskie Granie Orkiestra,rock,album,2024
793,Mecánica Popular,Buitres,rock,album,2019
794,كايروكي من الاستوديو,Cairokee,rock,album,2020
795,Это пройдёт,Pornofilmy,rock,album,2020
796,Люди-Титани,Kozak System,rock,album,2024
797,Paki Sabi,SunKissed Lola,rock,album,2023
798,Planet X,TVORCHI,rock,album,2024
799,Rosa Ventorum I,Khrystyna Soloviy,rock,album,2021
800,834.194,sakanaction,rock,album,2019
801,ナハトムジーク,Mrs. GREEN APPLE,rock,album,2024
802,Any Day Now,Krezip,rock,album,2023
803,Dünya Günlükleri,Adamlar,rock,album,2019
804,Два вікна,The Hardkiss,rock,album,2023
805,Rock Argento,Los Enanitos Verdes,rock,album,2020
806,Kufi,Duman,rock,album,2024
807,как дела у твоего друга в сером городе?,конец солнечных дней,rock,album,2021
808,Сука війна!,Скрябін,rock,album,2020
809,Pankăreală,Subcarpaţi,rock,album,2020
810,"Тут нема нікого, окрім нас",Tember Blanche,rock,album,2021
811,Безодня,Boombox,rock,album,2019
812,Человеко-часы,Дайте танк (!),rock,album,2020
813,Pressure Makes Diamonds,Danny Vera,rock,album,2019
814,10 кошек,Екатерина Яшникова,rock,album,2019
815,冬と春,back number,rock,album,2024
816,Van Goes Tot Purmerend,Jan Smit,rock,album,2023
817,Son Durağın,Kahraman Deniz,rock,album,2022
818,5 хвилин,Kozak System,rock,album,2021
819,короткая тропинка к сумасшедшему дому,конец солнечных дней,rock,album,2023
820,Ölümle Yaşam Arasında,Mavi Gri,rock,album,2022
821,как дела у твоего друга в сером городе?,конец солнечных дней,rock,album,2021
822,несколько вопросов самому себе,конец солнечных дней,rock,album,2024
823,Wie Zuhause (MTV Unplugged),Santiano,rock,album,2019
824,Hiç Kimsenin Günahı Yok,Sufle,rock,album,2020
825,Перетворення,Ziferblat,rock,album,2023
826,Spijt Is Iets Voor Later,Racoon,rock,album,2021
827,Bütün İstanbul Biliyo,İkiye On Kala,rock,album,2019
828,Запутай след,Пневмослон,rock,album,2021
829,Dun Smeren Geld Verdienen,Goldband,rock,album,2019
830,Les antipodes,Les Cowboys Fringants,rock,album,2019
831,Neogazino,Madrigal,rock,album,2021
832,Neyin Nesi,Dolu Kadehi Ters Tut,rock,album,2020
833,Заведу Кота (наживо),АСАФАТОV,rock,album,2022
834,Kendi Yolumda (Original Motion Picture Soundtrack),Athena,rock,album,2023
835,Jannabi’s small pieces ll : GRIPPIN’THEGREEN,JANNABI,rock,album,2022
836,Той день,Okean Elzy,rock,album,2024
837,This World Is Our Home,Douwe Bob,rock,album,2023
838,Казка,Epolets,rock,album,2019
839,Acıtır gibi severek,Canozan,rock,album,2024
840,Back To My Roots,Jay Smith,rock,album,2024
841,Dilerim Ki,Dolu Kadehi Ters Tut,rock,album,2024
842,Kazılı Kuyum,Yüzyüzeyken Konuşuruz,rock,album,2020
843,POWER ANDRE 99,Silica Gel,rock,album,2023
844,Hayatım Kaymış,Melek Mosso,rock,album,2021
845,Жиза,Созвездие Отрезок,rock,album,2022
846,美しい鰭,SPITZ,rock,album,2023
847,濡れゆく私小説,indigo la End,rock,album,2019
848,Українське сонце,Kozak System,rock,album,2023
849,Як ти?,The Hardkiss,rock,album,2022
850,Біжи тікай,Sasha Chemerov,rock,album,2021
851,ANTENNA,Mrs. GREEN APPLE,rock,album,2023
852,Шукав тебе. Знайшов тебе,VovaZiLvova,rock,album,2021
853,Sobie i Wam,Męskie Granie Orkiestra,rock,album,2019
854,Babel Babel,Indochine,rock,album,2024
855,Ліхтар,Rohata Zhaba,rock,album,2022
856,Мадонна,Zhadan i Sobaky,rock,album,2019
857,The Land of Fantasy,JANNABI,rock,album,2021
858,Attitude,Mrs. GREEN APPLE,rock,album,2019
859,L.A. Woman (50th Anniversary Deluxe Edition),The Doors,rock,album,2021
860,Beni Kendinden Kurtar,Perdenin Ardındakiler,rock,album,2019
861,Raghm El Masafa,Massar Egbari,rock,album,2020
862,Где-то там,The Hatters,rock,album,2024
863,Три слова,Kozak System,rock,album,2022
864,Каланхое,TVORCHI,rock,album,2024
865,Жива і не залізна,The Hardkiss,rock,album,2021
866,5,Mrs. GREEN APPLE,rock,album,2020
867,Babel Babel,Indochine,rock,album,2024
868,Мадонна,Zhadan i Sobaky,rock,album,2019
869,MAGIC,back number,rock,album,2019
870,Никогда,Руслан Утюг,rock,album,2019
871,Маленький український реп альманах,VovaZiLvova,rock,album,2023
872,Teni Tenime,Sena Şener,rock,album,2020
873,哀愁演劇,indigo la End,rock,album,2023
874,Düşünceli Şarkılar,Özdemir Erdoğan,rock,album,2022
875,Ölsem,Sena Şener,rock,album,2019
876,TEN,RONDÉ,rock,album,2024
877,Wild Hearts,DI-RECT,rock,album,2020
878,Rock City,Slipknot,rock,album,2019
879,Dünya Günlükleri,Adamlar,rock,album,2019
880,ユーモア,back number,rock,album,2023
881,В Коня Довший,Медовий Полин,rock,album,2022
882,Про любов - InOrganik (Remixed),Скрябін,rock,album,2020
883,Kor,Emir Can İğrek,rock,album,2021
884,虹,SUDA MASAKI,rock,album,2020
885,"Таємний код Рубікон, Ч. 2",Boombox,rock,album,2019
886,COMINATCHA!!,WANIMA,rock,album,2019
887,水平線,back number,rock,album,2021
888,Iris,BUMP OF CHICKEN,rock,album,2024
889,Bırakma Kendini,Kaan Boşnak,rock,album,2020
890,The Mary Wallopers,The Mary Wallopers,rock,album,2022
891,hope,Macaroni Empitsu,rock,album,2020
892,Sistemik,Son Feci Bisiklet,rock,album,2020
893,Karanlık,Dolu Kadehi Ters Tut,rock,album,2019
894,The Best Of,Pianoboy,rock,album,2020
895,閃光,[Alexandros],rock,album,2021
896,Älä pelkää elämää,Haloo Helsinki!,rock,album,2021
897,Veled Utazom,Bagossy Brothers Company,rock,album,2019
898,Desert Eagle,Silica Gel,rock,album,2021
899,Метаморфозы,Сны Саламандры,rock,album,2019
900,В душе не ебу,Пневмослон,rock,album,2022
901,WONDERLAND,Novelbright,rock,album,2020
902,Jannabi’s small pieces ll : GRIPPIN’THEGREEN,JANNABI,rock,album,2022
903,ANTENNA,Mrs. GREEN APPLE,rock,album,2023
904,永遠の不在証明,Tokyo Incidents,rock,album,2020
905,Vazgeç Artık Rüyalarımdan,Mavi Gri,rock,album,2023
906,Witchcraft,Дeva,rock,album,2021
907,По ходу люблю,The Hatters,rock,album,2023
908,Spijt Is Iets Voor Later,Racoon,rock,album,2021
909,4 Saal,Bayaan,rock,album,2019
910,На небесних конях,Тінь Сонця,rock,album,2020
911,Рубці,dity inzheneriv,rock,album,2022
912,Geçme Artık Sokağımdan,Madrigal,rock,album,2022
913,Mood Booster,Gorillaz,rock,album,2019
914,Dünya'm 20:24,Ozbi,rock,album,2020
915,Ти саме та,Antytila,rock,album,2024
916,I'm Picky (Unplugged),Shaka Ponk,rock,album,2024
917,Ронім,Adam,rock,album,2019
918,Merveille,Jean-Louis Aubert,rock,album,2024
919,アポロドロス,Mrs. GREEN APPLE,rock,album,2024
920,2022,Схожа,rock,album,2022
921,Sphinx,DI-RECT,rock,album,2024
922,Infinity Action,The Minds Of 99,rock,album,2022
923,Чорноморчик,Khrystyna Soloviy,rock,album,2023
924,Home (Truckstops and Airports),Jay Smith,rock,album,2024
925,Mdevari,SKAZZ,rock,album,2021
926,DKTT,Dolu Kadehi Ters Tut,rock,album,2021
927,ЧУЖІЮ Я,NAZVA,rock,album,2024
928,Мадонна,Zhadan i Sobaky,rock,album,2019
929,クロノスタシス,BUMP OF CHICKEN,rock,album,2022
930,hope,Macaroni Empitsu,rock,album,2020
931,Stup Forever,Stupeflip,rock,album,2022
932,Мадонна,Zhadan i Sobaky,rock,album,2019
933,Зембонджу,Курган & Agregat,rock,album,2021
934,(Die Man Is) Verliefd,Jan Smit,rock,album,2024
935,Ptaha Fred,The Unsleeping,rock,album,2020
936,Sanrılar,Perdenin Ardındakiler,rock,album,2021
937,Comedie Amaruie,Fara Zahar,rock,album,2020
938,Soldier On,DI-RECT,rock,album,2020
939,Pub Royal,Les Cowboys Fringants,rock,album,2024
940,про Київ,Tember Blanche,rock,album,2022
941,Het Is Al Laat Toch,Racoon,rock,album,2020
942,Attitude,Mrs. GREEN APPLE,rock,album,2019
943,İkimizden Biri,Fatma Turgut,rock,album,2022
944,Вибране,Vivienne Mort,rock,album,2020
945,TEEN TROUBLES,The Black Skirts,rock,album,2022
946,ユーモア,back number,rock,album,2023
947,Wild World,Kip Moore,rock,album,2020
948,Поживемо-побачимо,Fiolet,rock,album,2023
949,Таємний код Рубікон Частина 1,Boombox,rock,album,2019
950,Senden Yoksun,Madrigal,rock,album,2022
951,ニュートンの林檎,Sheena Ringo,rock,album,2019
952,Best of РУШИ,Руши,rock,album,2023
953,Biała Droga,Urszula,rock,album,2021
954,Son Seslenişim,Yüzyüzeyken Konuşuruz,rock,album,2021
955,KADER SK.,Yüzyüzeyken Konuşuruz,rock,album,2023
956,Roma,Cairokee,rock,album,2022
957,Pokemon,Mila Robert,rock,album,2023
958,Мадонна,Zhadan i Sobaky,rock,album,2019
959,Bảo Tàng Của Nuối Tiếc,Vũ.,rock,album,2024
960,PAFINI,Jean-Louis Aubert,rock,album,2024
961,Holy Trip!,TRASH,rock,album,2021
962,Перетворення,Ziferblat,rock,album,2023
963,Hayali,Pinhani,rock,album,2023
964,COLLAGE,SUDA MASAKI,rock,album,2022
965,Yaşayamam Bu Benle,Madrigal,rock,album,2023
966,New Century Masterpiece Cinema,Nerd Connection,rock,album,2021
967,Домашний Альбом,KnyaZz,rock,album,2020
968,Novi ochi,Mila Robert,rock,album,2024
969,Spijt Is Iets Voor Later,Racoon,rock,album,2021
970,Underbara saker,Terra ,rock,album,2020
971,Gök Mavi Yer Gri,Mavi Gri,rock,album,2022
972,Soranji,Mrs. GREEN APPLE,rock,album,2022
973,Hiç İyi Değilim,Dolu Kadehi Ters Tut,rock,album,2022
974,ממותה,Full Trunk,rock,album,2022
975,Ölsem Yeridir,Yüzyüzeyken Konuşuruz,rock,album,2019
976,Ako ne znaš šta je bilo,Marko Perković Thompson,rock,album,2024
977,Me4ka,Mila Robert,rock,album,2023
978,Sen ya da Hiç,Madrigal,rock,album,2024
979,Nalan,Emir Can İğrek,rock,album,2019
980,Moja i Twoja nadzieja,Hey,rock,album,2024
981,Сльози,Sasha Chemerov,rock,album,2024
982,Męskie Granie 2023,Męskie Granie Orkiestra,rock,album,2023
983,Kafamda Kentsel Dönüşümler,İkiye On Kala,rock,album,2020
984,なないろ,BUMP OF CHICKEN,rock,album,2021
985,Ultimate Hits (Remastered 2022),Little River Band,rock,album,2022
986,KADER SK.,Yüzyüzeyken Konuşuruz,rock,album,2023
987,كايروكي من الاستوديو,Cairokee,rock,album,2020
988,46,Miro,rock,album,2023
989,Народжені вільними,БЕЗ ОБМЕЖЕНЬ,rock,album,2023
990,Автозак,Zhadan i Sobaky,rock,album,2021
991,Biała Droga,Urszula,rock,album,2021
992,100 Greatest Summer Songs,Gorillaz,rock,album,2019
993,Bir Karanfil,Emir Can İğrek,rock,album,2024
994,Pauley & Jeen,YEW,rock,album,2020
995,Лікуй мене,KOSMOPOLIS,rock,album,2021
996,Keklik Gibi,Melek Mosso,rock,album,2019
997,Ja Ja Nee Nee,Goldband,rock,album,2020
998,Юність,Khrystyna Soloviy,rock,album,2022
999,ユーモア,back number,rock,album,2023
